Email,Address,Avatar,Avg. Session Length,Time on App,Time on Website,Length of Membership,Yearly Amount Spent
mstephenson@fernandez.com,"835 Frank Tunnel
Wrightmouth, MI 82180-9605",Violet,34.49726772511229,12.655651149166752,39.57766801952616,4.082620632952961,587.9510539684005
hduke@hotmail.com,"4547 Archer Common
Diazchester, CA 06566-8576",DarkGreen,31.926272026360156,11.109460728682564,37.268958868297744,2.664034182,392.2049334443264
pallen@yahoo.com,"24645 Valerie Unions Suite 582
Cobbborough, DC 99414-7564",Bisque,33.000914755642675,11.330278057777512,37.11059744212085,4.104543202376424,487.54750486747207
riverarebecca@gmail.com,"1414 David Throughway
Port Jason, OH 22070-1220",SaddleBrown,34.30555662975554,13.717513665142508,36.72128267790313,3.1201787827480914,581.8523440352178
mstephens@davidson-herman.com,"14023 Rodriguez Passage
Port Jacobville, PR 37242-1057",MediumAquaMarine,33.33067252364639,12.795188551078114,37.53665330059473,4.446308318351435,599.4060920457634
alvareznancy@lucas.biz,"645 Martha Park Apt. 611
Jeffreychester, MN 67218-7250",FloralWhite,33.87103787934198,12.026925339755058,34.47687762925054,5.493507201364199,637.1024479
katherine20@yahoo.com,"68388 Reyes Lights Suite 692
Josephbury, WV 92213-0247",DarkSlateBlue,32.02159550138701,11.366348309710526,36.683776152869605,4.6850172465709115,521.5721747578274
awatkins@yahoo.com,"Unit 6538 Box 8980
DPO AP 09026-4941",Aqua,32.739142938380326,12.35195897300293,37.373358858547554,4.4342734348999375,549.9041461052942
vchurch@walter-martinez.com,"860 Lee Key
West Debra, SD 97450-0495",Salmon,33.98777289568564,13.386235275676434,37.534497341555735,3.2734335777477144,570.2004089636195
bonnie69@lin.biz,"PSC 2734, Box 5255
APO AA 98456-7482",Brown,31.936548618448914,11.814128294972196,37.14516822352819,3.202806071553459,427.19938489532814
andrew06@peterson.com,"26104 Alexander Groves
Alexandriaport, WY 28244-9149",Tomato,33.99257277495374,13.338975447662111,37.22580613162114,2.4826077705105956,492.6060127179966
ryanwerner@freeman.biz,"Unit 2413 Box 0347
DPO AA 07580-2652",Tomato,33.87936082480498,11.584782999535266,37.087926070983805,3.713209203,522.3374046069357
knelson@gmail.com,"6705 Miller Orchard Suite 186
Lake Shanestad, MO 75696-5051",RoyalBlue,29.532428967057946,10.961298400154098,37.42021557502538,4.046423164299585,408.64035107262754
wrightpeter@yahoo.com,"05302 Dunlap Ferry
New Stephaniehaven, MP 42268",Bisque,33.19033404372265,12.959226091609382,36.144666700041924,3.9185418391589986,573.4158673313865
taylormason@gmail.com,"7773 Powell Springs Suite 190
Samanthaland, ND 44358",DarkBlue,32.38797585315387,13.148725692056516,36.61995708279922,2.494543646659249,470.45273330095546
jstark@anderson.com,"49558 Ramirez Road Suite 399
Phillipstad, OH 35641-3238",Peru,30.737720372628186,12.636606052000129,36.213763093698624,3.357846842326294,461.7807421962299
wjennings@gmail.com,"6362 Wilson Mountain
Johnsonfurt, GA 15169",PowderBlue,32.12538689728784,11.733861690857392,34.89409275,3.1361327164897803,457.84769594494855
rebecca45@hale-bauer.biz,"8982 Burton Row
Wilsonton, PW 88606",OliveDrab,32.33889932306719,12.01319469,38.38513659413844,2.420806160901484,407.7045475495441
alejandro75@hotmail.com,"64475 Andre Club Apt. 795
Port Dannytown, PW 63227",Cyan,32.187812045932155,14.715387544156501,38.244114594343515,1.5165755808319439,452.31567548003545
samuel46@love-west.net,"544 Alexander Heights Suite 768
North Johnview, MT 57912",LightSeaGreen,32.61785606282345,13.989592555825254,37.190503800397956,4.064548550437977,605.0610388
megan33@gmail.com,"84426 Julia Vista
North Teresa, KY 50756",PeachPuff,32.91278511115979,11.365492025516156,37.60779252420698,4.599937357614995,534.7057438060227
agolden@yahoo.com,"PSC 2490, Box 2120
APO AE 15445-2876",Black,33.50308725671972,12.87798369625634,37.44102133556604,1.559151939957077,419.9387748391792
vstafford@hotmail.com,"PSC 5723, Box 8159
APO AA 74738",Olive,31.531604482572902,13.378562784168986,38.734006289897124,2.2451477874052825,436.51560572936256
denise22@hernandez-townsend.com,"USNS Cardenas
FPO AA 85439-9449",Silver,32.903250973372074,11.657575922065584,36.77260376125875,3.9193023085531835,519.3409891307888
youngbarbara@yahoo.com,"019 Elliott Tunnel Suite 190
Nicholsbury, WV 60804-4440",Wheat,34.50755099852662,12.893669504071738,37.63575587790592,5.705153970601026,700.9170916173961
william25@mcconnell.com,"9495 Mary Fall Apt. 777
Glassport, ND 17957-5596",Teal,33.02933195350689,11.765812645482358,37.738524945579094,2.7217359920452187,423.17999168059777
ijones@schaefer-carr.net,"657 Judith Crossroad
Hancockchester, VI 75658-5788",Linen,33.54123131310037,12.78389178427502,36.430649621049305,4.648199316428601,619.8956398616368
heatherhall@yahoo.com,"8522 Regina Port Suite 782
Port Kaitlin, TX 50501-7264",MediumSlateBlue,32.33598963740772,13.007819424388568,37.85177916943607,2.996364526268539,486.83893476506273
tinasmith@martinez.info,"40000 Ann Port Suite 474
Youngberg, MS 03651",LemonChiffon,33.11020505771776,11.982044994015611,35.29308775436051,3.9234887455274374,529.5376653
chasejennifer@hotmail.com,"9507 Robert Prairie Apt. 601
East Crystalview, SC 56814",DarkOrchid,33.10543794246846,11.965020002997898,37.27781174207212,4.742577519573315,554.7220838330761
jenniferbarnett@gmail.com,"0772 Michael Isle Suite 617
Meyerstown, WA 45449-6768",SeaGreen,33.24190043446127,12.305417813429445,36.16364817104465,3.062368145311689,497.58667130044074
jared39@hotmail.com,"739 David Isle Suite 818
Chandlertown, DC 34587",SteelBlue,33.46105629551836,10.869163814130363,35.62244242064545,3.471413452477678,447.6879065360586
briancarlson@page-fleming.com,"USCGC Gill
FPO AA 26496",DarkMagenta,32.175501237949376,13.387492105579694,35.69417498569782,4.343062915388998,588.7126055095755
joshuaodom@gmail.com,"5277 Patel Brook
East Audrey, NJ 19075",DarkGoldenRod,32.72836000313375,13.104507242875801,38.878040506759845,2.8200972339734696,491.07322367951974
vickie90@lee-wilson.com,"9135 Rodriguez Dam
Ramirezberg, MS 77223",DarkSeaGreen,32.82030994541536,11.634893252550466,35.36862632536302,4.1245852967146535,507.44183233961667
duane56@hotmail.com,"24373 Mcgee Drive Apt. 990
New Mariahaven, NH 14470",Gainsboro,33.61603789276768,11.936386499892283,38.768640998026676,3.649286157714702,521.8835731664784
enash@gmail.com,"997 Campbell Flat Suite 970
East Amanda, PW 22048",HotPink,31.721652360509037,11.75502370305383,36.765722357858394,1.8473704233395085,347.7769266318726
sandraharrison@bailey-gordon.net,"7835 Rogers Roads
East Amberhaven, MI 70835-2286",LightSeaGreen,32.86532717,11.984417523634924,37.0443614,3.452388582630727,490.7386321439546
cunninghamwilliam@hotmail.com,"4589 Dan Fords
Beasleyburgh, ME 96590-8272",HoneyDew,32.74936818112046,9.954975969174418,37.38831486719822,4.650491269094463,478.1703340540876
teresaallen@hill-leach.info,"1958 Robert Bridge Apt. 250
Malloryland, ID 03393-5336",WhiteSmoke,32.56723048027511,12.489013215743665,36.37147981406854,4.222436225,537.8461952695957
rhonda96@little.org,"2977 Perez Row
Lake Jack, TN 45336-9436",GhostWhite,32.07054622092545,11.733106220383402,37.53429101112127,4.671275460906252,532.7517875818365
lisacabrera@yahoo.com,"9801 Thomas Pike Suite 058
Brandishire, AK 88122-1314",DarkSlateBlue,33.01954798572344,10.634561317920278,37.49669014561275,4.646119976606155,501.87443028426947
jasonrichardson@elliott.com,"18372 Matthew Fork Suite 705
North Matthewmouth, KY 99737",Chocolate,33.79203907501622,12.507525374016035,37.14286198458455,4.214495086037866,591.1971781805905
hoovernicole@dorsey.net,"69403 Hernandez Knolls
Marciashire, DE 36417-5667",HoneyDew,32.89398062181101,11.52987820576495,36.888086054199256,4.643258549800133,547.2443434159983
christopher20@gmail.com,"USNV Fuller
FPO AE 32122-5711",Snow,32.04448612744043,13.41493473585169,36.11243501077792,2.258686386946843,448.2298292
brianwilson@yahoo.com,"448 Stewart Divide
New Ashleyfort, FM 84050",BurlyWood,34.555767994657494,12.170525424959397,39.13109673366661,3.663105491283854,549.8605905
gonzaleskatie@gmail.com,"70129 Darrell Spring
Thomasmouth, HI 39319-2739",Moccasin,34.56455770619167,13.14655143290706,37.335445894325716,3.8768751769237673,593.915003
lsmith@chung.com,"412 Jackson River
Kleinburgh, KS 52039-7404",BlueViolet,32.726784597863976,12.988510147185293,36.46200325853961,4.113226122724209,563.6728733601082
dongarcia@hotmail.com,"546 Benjamin Lights Suite 421
Romerofurt, NC 43746-4501",MediumBlue,33.117218732994786,11.86412635894251,36.582727765406275,3.202531199210734,479.73194908594513
kimberly46@garcia-nelson.biz,"4066 Gonzalez Dam Apt. 277
West Jessica, TN 36880",GreenYellow,31.661049822746076,11.398064190096813,36.59445670006827,3.198399271684906,416.35835357990084
william82@gmail.com,"11143 Park Squares
Samanthatown, UT 97073",SandyBrown,33.25633546983111,13.85806246213124,37.78026468722867,5.976768126,725.5848140556805
brenda82@maldonado-gonzalez.net,"645 Elizabeth Pass
Williamview, MS 51544",MediumVioletRed,33.90022441401576,10.956790967791651,37.266878259420906,2.9526689579217362,442.66725173862795
josephgould@west.info,"861 Annette Stream Suite 771
North Miguel, CA 33824-1610",DarkBlue,34.18777482695728,10.320116255059192,37.45340510152358,2.0948917061051766,384.6265715694054
wbrady@yahoo.com,"044 Riggs Expressway
Lake Stevenchester, AL 22283",SandyBrown,33.76206923913139,9.984514397,35.93344930095986,3.855471685,451.4574468676027
smithtracey@mcgee.com,"PSC 4508, Box 7961
APO AA 55271-2375",DarkOliveGreen,34.390163664343326,12.64519514084352,38.46832110587932,2.8745969103039517,522.4041413
amberchase@fowler.info,"1867 Gregory Isle Suite 022
Port Tammy, LA 52305-9696",GreenYellow,33.92529660119954,11.588655423353044,35.25224202243303,3.3920504890738385,483.6733080190456
gregoryholmes@hotmail.com,"2891 Martin Plain Suite 197
Melaniestad, NE 65650-8529",DarkSalmon,32.68822929602445,13.761532847115612,39.25293095040623,2.995761182613056,520.8987944502368
jeffreydawson@gmail.com,"9944 Trevor Expressway
Robinsonstad, OR 34630-1840",DarkSeaGreen,34.30187022,10.568294685632761,36.17312563197192,3.315224753915403,453.16950235469744
rjohns@gmail.com,"264 Derek Dam Apt. 680
West Danielle, SD 91517-8611",DeepPink,32.843930222655175,11.832286222863628,36.81401056250368,3.4719191365417483,496.6507081
john85@martin-morgan.com,"USNV Reese
FPO AA 73568-0730",Olive,33.75499472831927,12.06415663219932,37.271221692501925,3.9705556280753487,547.3651405940458
vcoleman@yahoo.com,"7761 Hughes Curve Apt. 880
Rodriguezberg, MN 96206-5317",SkyBlue,33.879784289702826,12.495591602384836,38.052609752573076,4.639320331857264,616.8515229667128
floresarthur@yahoo.com,"12612 Johnson Skyway Suite 764
Jessicaville, CT 14968-6590",Magenta,33.07653560709715,9.607314687519166,36.49399254673739,5.081210092491108,507.21256900067846
ryan36@gmail.com,"5379 Rhonda Prairie Apt. 696
Brownland, WA 87027",DarkTurquoise,32.22729913636721,13.728627177429864,37.99702800956553,4.8026306305233755,613.5993233689068
chris67@ryan.biz,"716 Bush Greens Apt. 098
Trevorton, MA 17817-8000",Silver,32.789772618310714,11.670065919118978,37.40874848,3.4146884225048972,483.15972078451705
katie25@gmail.com,"6861 Lopez Fork Apt. 114
South Jamiechester, DE 63993",SpringGreen,32.77260992960089,13.276313008175375,36.60077705432864,3.4622988474603718,540.2634004105403
kyang@diaz.org,"223 Love Trail Suite 831
Port Jeffrey, IN 46849",OliveDrab,34.374258045247466,15.126994288792467,37.15762409406526,5.377593583586978,765.5184619388372
tadams@contreras.info,"049 Matthew Terrace
Lake Matthew, MS 20210",Aqua,33.07871721,12.695789749023145,35.358444307206696,4.001786345798084,553.6015346844503
craigcastro@burgess.com,"65407 Warner Forges Suite 071
New Lori, AZ 30132-2395",OrangeRed,32.80522040097184,11.835476087614284,36.375066106372905,3.4395905595500764,469.31086149531063
ellen24@anthony.com,"PSC 3408, Box 3353
APO AE 05113-1257",LimeGreen,32.43075793005128,11.306232344673575,37.68040322813719,2.7795207192736093,408.62018782983785
davisrobert@hicks-smith.com,"95967 Pitts Burgs
West Sarah, MH 27817-5147",SkyBlue,32.179099972602344,11.187538910878676,40.005181638101895,3.5526497674265176,451.5756852
walkerlaura@peterson-yates.com,"89154 Jones Stream Suite 311
East Katie, NC 72742-1516",LightGreen,33.15417578832186,11.887494133971662,36.265000697022046,2.6022871120328714,444.96655165329264
marc54@hotmail.com,"Unit 6174 Box 1949
DPO AP 27478",SandyBrown,34.33589583979252,12.22893471,36.15719115,4.694322274442824,595.8228366992037
gregoryrussell@yahoo.com,"55436 Devon Plain
West Kendraberg, HI 18826-3623",Teal,32.38625185558597,10.674653472691903,38.006583179477666,3.4015223445155094,418.1500810968496
williamsjohnny@ferguson.info,"51920 Kent Junctions Apt. 352
Walkerport, NY 11257-6647",LightYellow,32.80869759268502,12.817113090284248,37.031539216766284,3.8515788003584657,534.7771880994133
haydenrebecca@gmail.com,"10022 Wilson Orchard Suite 107
Harrisstad, MH 99272",MintCream,33.87974496798125,13.58780608,38.260353442660126,3.258112883,578.2416050583773
langmatthew@hotmail.com,"606 Perez Drives
Maryside, CO 94387-5877",DimGray,32.04983939045731,12.238057349986248,38.73086173541955,3.120568914816974,478.7193568742153
david43@richards.com,"967 Andrew Spurs
Mathistown, CO 28230",Indigo,33.55520742143224,11.55182116621942,36.628834292811774,2.837943164069798,444.28590749764356
paulkemp@yahoo.com,"PSC 9698, Box 5466
APO AE 75496-3580",LightSalmon,33.14207932732039,11.433379933334457,35.89243163440533,4.470282584120023,544.7798637193825
fbryant@gmail.com,"284 Jennifer Curve
Lake Hollyberg, IN 05228",GreenYellow,32.59718265981362,10.889566863427978,38.21257083414733,4.442054329011166,488.7860610939056
kimberlyfrederick@gmail.com,"71299 Jessica Shoals
East Mark, IA 48085-1070",DeepSkyBlue,33.167136876950536,11.928842093866267,36.91463331144087,3.164943995285113,475.75906778832797
sharon82@saunders.info,"873 Clay Flats Apt. 810
Lake Kyle, GU 48782",DarkGreen,31.514737857801983,12.595671305072534,39.600376465861395,3.7517345520890513,489.8124879964614
fishermichael@ramos.com,"565 Duarte Keys Suite 293
Traceytown, IN 17797",LimeGreen,34.59402114954151,10.947258584185185,35.88399438701215,3.1597544439509266,462.8976361529081
ilawson@hotmail.com,"19018 Christopher Neck Apt. 963
Mcintoshchester, IA 66908-2456",DarkGoldenRod,33.50136982210362,13.898081993497069,37.05891282,4.130562809236323,596.4301726172283
shafferdaniel@murphy-harris.info,"USCGC Thomas
FPO AP 43708-2468",Turquoise,32.40237101796123,10.875559548189255,37.78114255999947,1.9140899242310996,338.31986264152215
stevenanderson@yahoo.com,"5401 Holt Corner Apt. 195
Hannahstad, NC 86693-3595",LightGreen,34.65548567957987,10.33807269503854,36.15725594420065,4.396651901097083,533.5149352552407
richard16@boyer-pratt.com,"4568 Jeffrey Lane Apt. 512
South Jason, WV 78116-0966",LightSteelBlue,31.809300316679188,11.634668217942473,36.182539282355286,5.113319474870622,536.7718993628412
hyoung@jones.info,"73469 Baker Forest Apt. 550
Allenbury, TX 63791",Cornsilk,33.877779300122526,12.517666287393077,37.151920660971435,2.6699416242795815,487.3793060170291
erik46@hotmail.com,"20711 Martin Harbors Apt. 582
New Justinborough, AK 40834-2664",LemonChiffon,34.447871436480774,10.607723870859086,36.81909551318471,3.3664637433729325,473.7289665129948
rojasmichael@wagner-thomas.com,"7602 Scott Plaza Apt. 158
Lake Amberland, VI 10516-3276",DarkKhaki,31.956300560523367,12.828893395018701,36.951616684246815,4.571213023779052,547.1259317471988
lance88@briggs.com,"16001 Wilkins Island Suite 852
Jonathanfort, AL 88541-7817",FireBrick,32.60558364,12.068816079691766,36.1050005,3.917451119136939,505.1133435398579
anthony09@hotmail.com,"5118 Madden Views Apt. 738
North Barryport, AS 28731-2270",LightSeaGreen,32.49144660312287,12.530357373542882,37.87521910003027,2.476139050596411,449.0703194428044
audreyjohnson@rosales.com,"USCGC Nicholson
FPO AE 43987-0470",SlateGray,33.616018552595435,13.516284296962846,36.77312349371806,4.125584363255396,611.0000251040717
beth76@yahoo.com,"4522 Paul Heights Suite 851
Adamsland, RI 08981",Crimson,33.47160052695171,11.662263431208277,36.05024078202619,3.9972553776226674,515.8288148548279
larrywest@davis.com,"21918 Gail Glens
Barbershire, SD 45790-8387",MidnightBlue,33.71065305912268,13.664747875183542,37.72438615760942,1.3626740800013843,439.0747667
raylopez@hotmail.com,"3600 Amber Plains Suite 002
North Jamesburgh, VA 07917",DarkGoldenRod,32.19772379742183,11.83023109487895,36.63385670229112,4.193324635532072,514.0889577
middletonrenee@gmail.com,"71757 David Freeway Apt. 851
West Carriefurt, NC 27106-3364",DarkCyan,32.46121244511541,13.291143045352882,38.633625651583536,3.8710034001764155,543.3401663
grichardson@ryan.info,"79139 Boone Common
Stewartstad, DE 63633-1812",SteelBlue,33.790387206952126,11.942340869536073,38.06341358683894,4.081802695,521.1429518103512
esmith@gmail.com,"USS Johnson
FPO AE 35617-5384",OldLace,34.18382052058911,13.349912944366531,37.827394227862136,4.252006105620936,614.7153338263417
michael53@munoz.com,"USNS Mitchell
FPO AP 92946",MediumBlue,32.288666909138946,12.020112091208748,39.074400211336965,3.911708668370663,507.39006178986654
jacqueline46@mcdonald-smith.biz,"3794 Michael Forest Apt. 750
New Stephenberg, MD 61004-0181",Gray,33.82635200907213,12.084091730811034,35.89035795567322,3.021671821710012,495.2994425473086
briannasantana@gmail.com,"88978 Noble Crest
North Rosemouth, FM 53484-6689",LightPink,32.49839307472945,13.410759184940549,35.99048895,3.184618661620886,518.0645579840107
mark52@yahoo.com,"82227 Farmer Throughway Suite 266
Leeborough, WV 35324",BlanchedAlmond,31.88540629991176,11.281931074103642,37.385317552778375,2.877224878259828,390.1032729724755
acampbell@sanchez-velasquez.info,"5791 Jessica Cove
Mckinneyborough, OK 64460-7536",Wheat,32.425697279750864,11.448901535513796,37.58019042917731,2.5869679851624765,420.7376732446371
qgarcia@williams.com,"465 Kenneth Common Apt. 192
North Tracy, WI 36024-8978",Aqua,33.43782956230187,12.595420346380532,36.26203180012439,2.9696402266327593,492.1050523891852
jenniferking@hess.net,"06939 Jones Neck
Mariaview, VT 87641",BlueViolet,31.38958548,10.994223919350974,38.07445241970454,3.4288599039280125,410.06961105998295
taylor91@hotmail.com,"3132 Willie Harbor
Kaylafurt, FL 01107",CadetBlue,33.46869994900622,13.085505760060858,35.84582711383271,2.926940235492512,497.5136833293677
afry@ford.biz,"399 Jeremy Skyway Suite 377
North Keithville, IL 55074",PaleTurquoise,32.291756100263015,12.190474287309026,36.15246208860067,3.7818230393432954,494.55186108657256
amandadean@gmail.com,"66880 Mckinney Hills
Matthewchester, MH 88386",DimGray,32.06377462,10.719149740628396,37.71250863884946,3.004742535925674,378.3309069068038
brenda68@hotmail.com,"0377 Reed Via Apt. 169
Alexandershire, MO 43498",Moccasin,33.15569970295208,12.931550271647987,38.16643555663392,3.854473855602962,570.4517259
bakerdrew@gmail.com,"39637 Griffin Plain Suite 691
New Deborahview, MP 73870-3773",Chartreuse,33.35687434475742,13.45212895943564,38.503008849241596,3.318822278930894,549.0082269346927
connorlambert@yahoo.com,"931 Andrews Heights
South Shelley, NV 21850",Khaki,31.85307480174657,12.149375491578276,37.32533422381935,3.3618146243831437,459.2851235
tknapp@yahoo.com,"15810 Karl Plain
Davidville, TX 64072",MediumSpringGreen,32.01230076824544,12.178331333996287,37.71598617762173,3.722561172893833,492.94505306595823
garcialisa@yahoo.com,"46079 Gonzalez Loaf
Williamside, PA 72265",LemonChiffon,32.388451625505326,11.010482132400076,38.415041581538325,3.5435470501829984,424.7626355099111
josephallen@hotmail.com,"3144 Jamie Rest
Maxwellville, NC 93749-1190",PeachPuff,32.65318145878372,11.60253219348616,37.30968877,2.789461516374708,422.42677587650905
hailey18@yahoo.com,"08079 Thompson Village
North Lukeborough, AL 16825",Lime,32.93133644189654,12.732211588456625,35.60082054911087,5.4859767341605234,642.1015787311585
whess@hotmail.com,"29282 Alexander Street
South Andrewmouth, MS 22041",Tomato,33.235606500693855,11.223368888365105,37.69230086128235,2.5941897205777797,413.3717831104521
josesims@hunter.com,"8830 Debra Loaf Apt. 341
Drakeville, ME 22340",SlateBlue,33.92579489547876,12.01102187657459,36.701052315547926,2.753424168758119,479.23109291159307
dtaylor@webb.com,"18219 Jackson Well
Fosterton, MP 85302",Orange,33.05926409135838,11.725910097840954,35.9990993,5.004820577490747,593.0772413447512
briangonzales@gmail.com,"572 Michelle Motorway Apt. 889
New Craig, ND 17250",Fuchsia,32.401731827354666,12.089309572437347,38.309907895123196,3.873337568743252,506.5473070543516
jared99@yahoo.com,"PSC 0811, Box 7054
APO AA 91691",GoldenRod,33.88994100692418,13.068638584182434,37.54052035512257,3.7987253190525396,571.3074948754644
qchristian@martinez-allen.com,"26737 Brooks Roads
Vincentstad, VA 93089",GreenYellow,34.56938121869345,12.85499036656409,35.00748225744693,3.292797662575647,576.3111774
ngarcia@donaldson.info,"662 Wells Stravenue Apt. 578
South Kristaview, DC 49423-2452",ForestGreen,33.70160519868888,11.564022368065539,37.673210365648636,4.716104987209577,576.8025473995871
scastillo@hotmail.com,"0922 Gutierrez Loaf
Wattsbury, OH 96315",Moccasin,33.26833021768797,11.113329897404322,37.387945542635585,4.018726609737513,514.2395207
joshua56@garcia.com,"38154 Davis Locks
Lake Stevenfort, KY 86814-9222",Indigo,31.358477192437007,12.809883473378118,36.54966799,3.6377012795158374,495.17595044947535
richard81@day.org,"7955 Samantha Walk Suite 230
North Luis, IL 44629",SlateBlue,33.01479221522831,11.76117232548311,37.57016384471318,3.834169666632599,514.3365582674007
jessica97@hotmail.com,"32202 Curtis Branch Apt. 411
Port Brettmouth, KY 01192-0594",Cyan,31.57613197132227,12.57989417361806,37.09326487011031,4.5319866066666314,541.2265839893283
angelaphillips@gmail.com,"102 Karen Court
New Jameston, SC 57761-6570",MintCream,32.657268594778124,11.957923064554107,36.63465232853774,4.106055151602658,516.8315566841785
donald67@harrison.com,"9759 Tammy Skyway Apt. 171
Lake Debra, AS 95011",Lime,34.709323296131586,10.651793783474174,37.14600652898046,3.2182653850978555,468.4457372274064
zmalone@yahoo.com,"PSC 6717, Box 7673
APO AE 66950-0088",Moccasin,34.53665918,12.75207661096469,36.71413783923341,3.2836634554040156,548.2803201983364
rlindsey@norris.com,"581 Smith Prairie Suite 995
Andersontown, AS 58802",Green,32.77171501,11.540832436151055,37.526421027792445,2.924020724598205,431.6177337614297
lewisgabrielle@hotmail.com,"422 Rivers Springs Suite 221
North Barbara, WI 51990-7596",LightSkyBlue,33.700400456822415,11.924394923280017,37.245032469967526,3.9052503089821307,552.9403454501057
kristina69@gmail.com,"2859 Rodriguez Forks
Port Josephtown, OH 13591-3011",BlueViolet,32.43977025334846,12.42413041,38.94882502753235,4.9203184061183185,573.3062222574563
krista86@norton.net,"0537 Rice Village
West Kylieberg, NJ 19433-5090",Azure,34.312166997407836,11.810586764578167,37.41413357473937,2.473596120847858,452.627255
chelsea05@hansen.com,"7182 Stephen Fork Suite 150
Port Laurachester, CO 99974-1961",LightGray,32.45517628513712,12.759168978762087,36.599112354294384,4.131276648377655,542.7115581025776
jill33@allen.com,"459 Amy Burg
Lake Travis, OR 53314",DarkCyan,33.540976791782235,11.851890834942719,37.424547922263905,1.7677307075942403,407.8040306356823
welchashlee@hotmail.com,"PSC 8159, Box 3254
APO AP 71071-4890",GreenYellow,33.358398281424215,12.70368792886871,36.10091445210865,2.724108202,482.3535703213531
dawnlewis@watkins.org,"623 Erica Flat
Lake Josephland, MT 73514",Crimson,32.686129256115166,12.215252424902488,36.59436168489157,3.8971158599572524,529.2300901235094
ashleychristopher@gmail.com,"9271 Christopher Prairie
Douglasshire, NM 18581",MediumOrchid,34.558294609144475,11.28144500356714,36.49440648,2.491671541288354,433.04876909582663
acontreras@hotmail.com,"88995 Edwards Row Suite 456
North Jo, DE 02062-7953",Sienna,33.54774794,10.735362917985055,37.45837473122323,3.8634254422050347,476.1914133494556
alvaradoadam@jones-thompson.com,"35970 Holly Key
Port Frank, VT 78059-9385",Aquamarine,31.954903856634843,10.963131776054833,37.327282689879496,3.5786339003939873,439.9978799
thomasgeorge@gonzalez-grant.com,"93306 Donald Greens
New Christopherbury, SC 59447",FloralWhite,31.066218161637593,11.735094549013704,36.59937399114725,3.9588922643660966,448.9332932076743
solischristina@gmail.com,"43102 Russo View Suite 717
Hollyport, SC 15344",SlateBlue,31.851253128608366,12.418961981005012,35.97765170714366,3.2517417703068876,472.99224666679834
jacksonboone@rubio.com,"973 Marc Ports
Brownstad, IN 48786-6700",Sienna,32.609282635640405,10.537307537840885,35.73055240228659,3.914384667246393,463.92351299032583
kaitlyn78@chang.com,"978 Bean Square
Deanburgh, OR 95149",LimeGreen,32.11511906601424,11.919242397939174,39.29404346247573,1.4435150746515455,350.0582001638451
francisgeorge@thomas.org,"27563 Vincent Lake
Allenchester, DC 22159",Teal,33.924624809512075,11.911415556879854,38.27470219571763,2.9100379165410692,460.0612773912433
linda90@yoder.org,"979 Alison Motorway Apt. 676
North Frank, HI 55870-2651",WhiteSmoke,33.477190403003306,12.48806700205303,36.51838358912681,3.3455709758422434,505.7711403229565
david79@lopez-montes.com,"969 William Manor
West Sherry, MA 66282-2258",Purple,32.116400120928155,12.380694979552985,37.23200330765404,3.0895277822700096,463.4849954
micheleblanchard@lopez-greene.com,"555 Hunt Track Suite 307
South Kristi, PA 73709",SlateGray,32.25590120444978,10.480506832694495,37.33866962178549,4.514122441132637,479.73193764530447
pmercado@rodriguez.com,"811 Maria Run
Sanchezville, MI 04953",LightPink,32.69239221858063,12.296517680733736,36.95155521050133,1.8258846690261428,424.18549428888633
james30@carter.biz,"3604 Richard Junctions Suite 448
Brownburgh, CO 64856-8238",LimeGreen,32.38473265900513,10.86160419912899,36.584437621758106,3.993656512525085,465.8893127108669
parkerkayla@miles.com,"170 Andrew Mews
North Susan, NM 85338-2426",DarkSlateBlue,34.338729385091796,10.716355140061571,38.30720401,2.652158304851241,426.7752159856604
alicia85@lee.com,"14220 Carla Flat Suite 521
Lake Matthew, DE 06183",DimGray,32.88710464561531,12.387184173554845,37.431159098326106,6.401228837806773,684.1634310159513
dominguezjacob@hotmail.com,"8594 Erica Manors Apt. 529
Lake Miguel, MH 10652-9266",CornflowerBlue,32.51021799444433,10.984835888186163,37.396497475332055,5.391275125020632,555.8925953881737
ebrown@osborne.com,"4291 Nichols Fork Apt. 562
Thomaschester, SC 08938-8769",DarkSlateGray,31.945395748344524,12.965761479512217,36.96638889642577,6.076653638440144,657.0199239
nathan86@hotmail.com,"748 Michael Plaza
West Billyside, UT 20799",MidnightBlue,36.13966248879052,12.050267234380506,36.95964319393419,3.8648607392342784,595.8038188761142
aaron11@luna.com,"672 Jesus Roads Apt. 443
Thompsonland, WY 69228",LightSkyBlue,32.44952156114242,13.45772494051235,37.23880567308968,2.941410754428091,503.9783790525795
fsnow@ellis.com,"0272 Jones Way
Lake Angela, MP 97003-5793",MediumBlue,32.29464154956504,12.44304789043987,37.327848037843715,5.084861308602489,586.1558701804728
asilva@yahoo.com,"USNV Johnson
FPO AP 19026",Wheat,34.60331111938746,12.207298491050794,33.91384724758464,6.922689335035807,744.2218671047146
casey21@johnson.com,"691 Johnson Field Apt. 510
Michaelville, VI 78140",SpringGreen,33.59852032,11.586319529181234,39.09462702670515,3.6043985602569495,512.8253581285203
campbellross@yahoo.com,"6218 Michael Station Apt. 982
Salazarburgh, NJ 79955",DarkRed,34.56868084571511,11.378087087773375,38.304471191707776,3.7849321101304056,528.2238093680072
blevinseric@stephens.com,"PSC 3676, Box 1549
APO AE 26130-7683",Orange,32.83810016055479,12.364341604455198,38.03910938707497,3.3091823280429793,468.9135013219844
stevenking@patterson.com,"94730 Martin Mount
New Matthew, VI 08142-6708",LightGray,33.50370517913956,12.399436075147092,35.01280603355904,0.9686221157417689,357.59143941508603
samuel94@hotmail.com,"5480 Vazquez Crossing Suite 825
East Christopherland, PA 42104",DarkViolet,33.30188161463884,12.542481050786341,38.31136489758187,3.768561962709896,536.4231045259343
johnsonpaul@keller-woodard.org,"USCGC Dodson
FPO AA 87781-3935",LimeGreen,30.879484344127498,13.280432242922112,36.93615937845674,3.585160635161344,490.2065999848546
twilliams@gibbs.net,"Unit 6678 Box 6628
DPO AP 44369",CadetBlue,33.15425475700075,11.795886676889108,37.65861690944284,4.520353377496559,550.0475805761635
teresapacheco@salinas.biz,"75805 Larry Mills
East Cristian, MH 53820",DarkMagenta,32.04780097886789,12.718039174525655,37.66110668399285,3.6758488000184415,513.4505711860965
allison80@carson-hansen.com,"04311 Oconnor Park Apt. 415
Kelleystad, ND 63064-8935",ForestGreen,33.63080076787103,12.039647840787236,38.92408705,2.873007508505152,497.81193000552054
turnerryan@hotmail.com,"770 Lewis Pike Apt. 869
Phelpsport, PA 93969-4887",LightSkyBlue,34.04663802802127,12.474455453922836,35.037856159447585,4.055775961742958,578.9862585804898
walkererica@scott.com,"86536 Barnes Track
South Kyle, MT 21570-5606",MediumAquaMarine,33.644177000440536,13.160020040286033,36.40774745,3.0151752987437077,506.5363931400864
mark94@yahoo.com,"586 Timothy Union Suite 592
East Joseph, MO 81374",Salmon,32.65462160732388,11.052323653306688,37.633009416643624,4.717102512825834,501.74923330839226
daniellecuevas@hotmail.com,"9287 Daniel Rest Apt. 608
Allentown, SD 73050",LavenderBlush,33.42874704259606,10.636761083696548,37.57883524203316,2.9263964487266874,421.96679418586734
gbarnes@gmail.com,"8667 Suzanne Motorway Suite 241
Spencechester, KY 74385-4618",Green,31.86483254809873,13.44340598514625,36.87831536782346,2.361086946869883,439.8912804768136
cody68@hotmail.com,"374 Dana Junctions
Langside, WI 36474",SpringGreen,34.48238804881123,13.28303286832567,35.90729842685246,4.968742673728142,666.1255917
fischermonica@gmail.com,"9847 Michael Plaza Suite 837
Lake Christophershire, NV 87324-8427",Navy,32.529768731474434,11.747731701242175,36.93988205032054,0.8015157200042076,298.76200786180766
brenda25@gmail.com,"353 Jones Loaf Apt. 767
South Michaelburgh, PR 16281-4840",OliveDrab,33.432231396262715,10.859608533152711,38.83567008085342,3.6692256113154436,465.1766233052969
david58@yahoo.com,"6058 Thomas Divide
Matthewland, PA 89442-8198",LightSalmon,33.30857161628053,11.691686125826353,37.480911976267066,1.7157771665531147,373.8857236969501
clifford76@johnson.com,"8032 Hodge Circle Apt. 255
Lake Jessicashire, OR 54914",RosyBrown,32.33263706834172,11.548761439776756,38.57651554990162,4.773503047345896,532.7174856761748
jacquelinehughes@bennett-branch.info,"601 Ashley Loop Suite 162
Port Benjaminview, DE 02456",DeepPink,34.71345123397026,11.72400223179126,36.81385766052378,4.0878372729217025,554.9007830202702
victoria53@hotmail.com,"16329 Sara Neck Apt. 463
Bryanside, TX 62329",Pink,32.635877998189926,12.178573080885846,35.67425603,4.131755039569861,537.7731625414566
cunninghamkyle@ellis-parker.org,"449 Williamson Lakes Apt. 118
Travisville, AK 06848-0177",LightGreen,33.07570303157222,12.319845062066673,37.81915511227683,3.4427992020016864,501.1002452
jjones@yahoo.com,"047 Carla Locks
Coreymouth, AR 98066",GreenYellow,32.23014911593311,11.084360836740512,37.95968432,4.724027439824315,517.1651355939779
michaelferguson@torres-miles.net,"757 Amber Gateway Apt. 787
New Stephaniechester, OR 61576-6056",Sienna,34.142863372870714,13.177774533773801,38.856041708111945,3.2309738432875563,557.5292736134538
crawforderik@price.org,"5183 Michael Ramp
East Lukeburgh, FL 93972",DarkKhaki,32.49719846,12.832802836968115,37.67924462448078,2.972271382079821,493.719193
jlawson@mccarthy.com,"0127 Morgan Fields Apt. 080
Thompsonfurt, ME 01160-7043",LightGray,33.12239998431699,11.509047996817198,37.25305774145061,3.182329731786818,452.12262508578493
marshchristopher@zimmerman-villegas.com,"667 Stephanie Lake Apt. 658
Marthashire, NC 11815-2307",DarkRed,33.088529366211525,11.85766344472502,36.08693433,4.806349618785283,577.2734549822936
oolson@collins.com,"07867 Horn Lake
West Teresatown, VT 64387-1228",Aqua,32.53379686092211,12.293365838346629,37.06462119956545,3.6203649883552003,485.92313052485173
isaiahcampbell@yahoo.com,"55414 Ramirez Union Apt. 614
West Crystal, CA 03845-2631",Red,32.48426048276214,10.93325227854703,36.54550622682937,3.2613247447870934,425.7450920310528
kcannon@alvarez-cline.info,"55479 Peters Field Apt. 702
North Micheleberg, PR 45063",Lavender,32.54345917,13.332839284456396,37.964390331775896,3.597459968849926,537.2150526997326
nielsencarmen@harrell.net,"2491 Yates Crest Suite 316
Connieville, FL 92080-0819",DeepPink,32.28312306113335,10.902556227019769,36.094241952849465,4.789201624179895,524.6379646141049
efreeman@moore.com,"223 Powell Ridges
East Richardtown, RI 90715-2178",White,32.200798643965314,12.276981712741968,38.23260622710401,3.3164647447029107,478.8853913201482
roblessarah@hotmail.com,"022 Taylor Mews Suite 692
Hallberg, NJ 53614",MediumSeaGreen,34.71331650656199,12.038808239866547,37.63529940965426,4.632460945972205,612.3852298963607
christopherhaas@gmail.com,"56674 Melanie Flats
Schneiderberg, IN 66532",MediumPurple,32.71251232693568,11.724473856834608,37.15315160406014,3.308443000674604,476.7667241547634
ethomas@yahoo.com,"1279 Douglas Mountains
Port Christopherberg, RI 32811-8325",LightGreen,33.69489765096749,11.202669899735568,35.49396408005127,4.015986640445781,505.1196375282037
wevans@gmail.com,"222 Jason Park
Dominguezshire, NC 98241",Tan,31.57020082932026,13.378063328893631,36.33780003116479,4.369366793790984,545.9454921414049
patrickorr@yahoo.com,"6009 Heather Park
Howardhaven, SD 51705-2993",LawnGreen,33.45947684896434,11.388612618641039,37.90913871755985,2.566639844,434.0216997527185
mary84@edwards.com,"19123 Craig Isle Apt. 719
Millsmouth, SC 94194",LightSkyBlue,31.820998201672072,10.771074062599588,37.278639793707605,3.5190324339539223,424.6752810132133
longwilliam@gmail.com,"16068 Kelly Parks
Wrightside, NH 21447",BurlyWood,32.73322416398153,11.81857176,37.10203133,1.5038544212252947,352.5501081630003
lisagutierrez@johnson-herring.net,"89300 Amber Centers Apt. 879
Victoriaton, VT 98394",Peru,32.40714829999668,13.808798675105962,37.42676891745393,5.039955263662929,662.9610878058954
david81@hotmail.com,"1576 Lane Shoal
Rogerton, PR 63867-3426",Thistle,33.506092281309364,11.659832840871445,37.28139282998597,4.4787126084630104,560.5601606242603
jacksonking@mccormick.com,"120 Micheal Fort Apt. 762
East Patrickbury, WY 65946",DarkMagenta,30.836432674773427,13.100109538542808,35.90772142967966,3.3616129845381932,467.5019004269896
jessica04@christian-riley.com,"338 Graham Loaf Suite 236
East Toddton, FM 43566-4238",LemonChiffon,34.87849495417028,13.067895684999526,36.67822227440393,1.9207154781756468,504.8704323933724
simmonsmartin@hardy.com,"2302 Joshua Park
Millerbury, WA 30239-8144",MediumVioletRed,34.007211972221654,12.49432293326939,36.045459420486154,4.330714461860564,590.5627196
michellejohnson@sanders-rodriguez.com,"70562 Gonzalez Stravenue
Elizabethland, WI 40700-9149",Teal,31.525752416968214,11.340035931978809,37.03951365322458,3.8112481708072314,443.9656268098819
tylerhernandez@barton.info,"7613 Miguel Knoll Suite 762
West Katherine, WV 19406",SlateGray,31.047222139487516,11.199660962300452,38.68870909942437,3.0887639575315755,392.4973991890214
connerjoseph@gmail.com,"981 David Square
New Jacquelinetown, AK 66018-4092",Turquoise,34.59577669439264,11.332487778094174,35.45986279714474,4.541695256706066,568.7175759305223
jeffrey54@mcdonald-williams.com,"297 Francis Valley
South Lindsey, NY 13669-5367",Gainsboro,34.96760988717724,13.919494396088172,37.952013186883086,5.066696864020983,712.3963268096636
hevans@kelly-nunez.org,"Unit 4065 Box 2267
DPO AE 69180-7372",Orchid,32.29524762622046,11.03135834040919,38.252978273334655,3.1074686827074625,413.29599918102974
lewiskendra@yahoo.com,"988 Matthew Plaza
Lake Jacobshire, AL 37889",Yellow,33.324240521849696,11.084584086421872,36.77601657686874,4.746989703,562.0820453929382
freemantina@cannon.org,"870 Dennis Throughway
Wilsonport, PW 12658",AntiqueWhite,32.903454333014224,10.54264542398311,35.53386350026307,3.0918268695457876,412.0129313
wagnerbrian@hotmail.com,"50593 Wells Roads Apt. 110
South Amy, MI 06969-2026",AliceBlue,32.55949313011333,11.797795514880239,37.777365796776465,3.1956257763719886,468.6684655991273
melissa08@nelson.com,"15863 Harrington Glens Suite 012
Marystad, LA 50652-8210",Tomato,31.765618821042406,12.442616548294634,38.13171202563648,3.8502796390964265,496.55408163560713
karina59@gmail.com,"9580 Clark Trail Suite 687
Williamsside, FM 57367",PapayaWhip,34.08164619679617,12.104542428062686,36.05964597986499,3.974522480483529,548.5185292758069
baldwinbryan@estrada-silva.biz,"1470 Kathleen Pass
South Christopherberg, SD 22850",MediumSeaGreen,33.304431285296005,12.378490222808672,38.76429717446252,3.8438489214952876,536.1308968550214
audreyguerrero@carey.com,"1995 Susan Locks Suite 760
East Cheryl, AR 37103-5176",BlueViolet,34.33075044367848,13.722453676229962,35.773116391246816,2.909008460485079,558.4272571753238
drew29@hotmail.com,"20888 Erin Via
Grahamville, NH 72913-6101",Tomato,32.07894757956938,12.725909323593955,36.54466409871873,1.1390935384245742,357.8637186383917
michael00@yahoo.com,"03065 Henry Courts Suite 443
Derekstad, VT 88473",DarkSlateGray,33.60579899891236,13.68511889962359,34.89198326749108,2.6852848361090778,529.0566631985306
jgray@khan-allen.com,"1416 Rachel Crescent
West Laurieside, IL 81119-7229",Gold,32.74515048083576,10.012583366223023,38.35495987026449,3.108911449181274,387.35707273642186
bushsusan@hotmail.com,"20618 David Square
Gayland, HI 78719-9628",Moccasin,32.12236479579778,11.435533874300315,36.22355746230224,4.852842407156433,528.9336185650203
charris@gmail.com,"2781 Matthew Wells Apt. 569
Potterview, KS 50763-8282",MediumSeaGreen,32.53082944110282,12.354607081759857,37.12234520816764,2.307552421,420.91615953269286
longphillip@yahoo.com,"13044 Woods Heights
Andreamouth, ND 52317-6007",LightGreen,31.736635686050285,10.748533655415798,35.73870747121452,4.835528667,496.93344625553186
madisonalexander@gmail.com,"791 Allen Trafficway Suite 776
Christopherland, DC 41460",Orange,34.11756669418932,11.591871665122241,37.743619699549896,3.6785893989539975,519.3729768
mfoster@brown-white.com,"36192 Ho Spring
New Michael, RI 65851-6369",Cyan,33.63662445812838,11.236506758754029,37.67502073290805,5.254708925941115,591.4377355684503
sanchezkara@hotmail.com,"40494 Robert Park
Heatherside, IL 70364",SlateBlue,34.33486453305801,11.109456333168433,38.585854757332655,3.8928914802112553,502.40978530290533
floresbradley@hotmail.com,"446 Daniel Rest Suite 644
Port Matthewhaven, MN 89465",BlanchedAlmond,34.814983943728855,12.114944955194904,36.28872395038688,4.389455226416517,604.3348400688554
lamryan@curtis-garcia.net,"96393 Joshua Rapids
Jonesview, VA 58733",LavenderBlush,34.642669758092204,11.866481205181705,37.71777057005867,4.003325039023281,555.0683941
alexandra26@summers-davis.com,"Unit 7032 Box 7016
DPO AE 44749-2992",Navy,32.83694076702139,10.25654903128796,36.14390845634163,0.7895199078816915,256.67058229005585
ocortez@gmail.com,"4800 Ashley Spur Apt. 347
Dannyfort, GA 23352",MediumBlue,32.29964716350497,12.168596472860555,37.073616172195656,4.403369830866465,547.1109823629461
melinda39@morton.info,"13693 Cox Falls Apt. 693
Padillaview, PW 28998-0386",Moccasin,31.948017421161357,13.085356892368793,37.60565280041329,2.6485967702033175,461.92087689289787
lisa94@jackson.com,"40288 Stephens Corner Apt. 221
West Stephanie, OK 55617-4332",CadetBlue,32.72731919612472,13.013375627349653,36.65127791701514,2.367848224385222,458.3769106506301
lucastaylor@yahoo.com,"63872 Chavez Lodge
Danielton, NJ 85847",MediumTurquoise,33.94624061993669,10.98397673,37.95148946,3.0507129732180167,436.2834981467513
apark@walsh-obrien.net,"28942 Bradford Crescent
New Morganfurt, MD 77162-0478",DarkGreen,32.35147815076609,13.105158522307251,35.57484166706179,3.6414971615400877,532.9352188376637
dominguezmaria@gmail.com,"1768 Rosales Ford Apt. 793
Lake Markbury, SC 31567",RoyalBlue,34.173752023676585,12.144748536704865,37.25803145871123,3.397363092819078,512.5525343564015
jimmy11@hardin.com,"496 Bush Turnpike Apt. 674
Donnabury, OR 32596-0079",DarkGoldenRod,32.97518182625784,13.90991551102909,37.79223754313027,4.297686524285517,630.4227632299235
patriciajackson@jenkins.info,"981 Matthew Valley Apt. 621
Lake Tracyburgh, NM 33288-1364",Thistle,32.00475302036483,11.395209434440888,37.33281445580523,3.803364999065175,463.74598112062944
rayvanessa@fischer.com,"2583 Mark Springs
Lake Robert, AL 40928",White,34.19705969450868,13.033566182687187,37.07679515601331,2.6334199887174443,493.1802162
gharrison@davis.com,"04140 Cameron Brooks Apt. 724
South Laurenberg, HI 08562",MediumSpringGreen,33.177204666060376,11.622777173031125,35.96889569049678,3.634093727357596,501.2091726816533
alexandermichael@hotmail.com,"2086 Lisa View
Ortegabury, MI 43544",WhiteSmoke,32.69323953887129,12.600750401563927,37.37011822360151,3.4670140660097095,501.92826487324413
christopher66@hotmail.com,"388 Kelly Pike
West Jeffery, DE 44039-7785",BurlyWood,31.625360134830608,13.187910985159364,37.06708996741924,1.4943108951995074,376.3369007569242
archeremily@baldwin.com,"USCGC Hernandez
FPO AE 53064",YellowGreen,31.260646869879523,13.266760352944495,36.97119509745716,2.267251114447051,421.32663125695143
hornesteven@gmail.com,"91425 Roy Trail
Rivaston, NE 34949-2588",White,31.720769900287312,11.752343171850052,38.57360522634684,5.023934200606659,538.7749335
william28@gmail.com,"16763 Melissa Creek Suite 367
North Keithland, PW 29458",Cyan,32.922610758349414,11.568116342098419,36.90937820695247,2.471750669720034,398.16346853365195
karenosborne@yahoo.com,"81814 Pratt Squares Suite 460
North Robert, GU 77741-1307",SlateBlue,32.68624509039022,12.63857212219212,36.09722093,4.297737481971207,571.4710341154246
chansen@holt.com,"2380 Fisher Neck Suite 233
Brianland, AZ 34453-0625",LightSkyBlue,34.05094675856064,11.388644575171451,39.08156474568163,2.4369588757864635,451.6286105401996
hallthomas@lane.com,"22630 Bell Centers Suite 030
North Danielport, FM 31756",DarkTurquoise,32.454552537551066,11.82298329832392,36.94612578169275,3.6569839266881443,490.6004425003995
taylorkimberly@yahoo.com,"0030 Mathis Square Suite 154
South Jadehaven, AR 33997-4450",Gainsboro,31.28344747605816,12.725677367222989,35.96566746423624,5.000243360514445,591.7810894256675
clester@yahoo.com,"76778 Underwood Knoll
New Gregory, ID 57323",LightCyan,32.980029198453636,11.201159766003189,37.68933697894965,2.412830960970926,409.0704720533178
pvega@hotmail.com,"61629 Johnson Underpass
New Eric, MI 92352-5044",LightCoral,31.909626827522736,11.34726361146273,36.323652468198226,5.314354141170213,563.4460356732392
vmartin@yahoo.com,"30242 Rubio Forest
Port Kyleland, VA 18339-5779",Turquoise,34.40240964824356,14.220979108167345,37.52319665049046,4.0777750980104255,647.6194557251926
andreperez@hotmail.com,"17463 George Ports
East Julianborough, WY 68291",DarkOliveGreen,32.95976431107423,11.546275759510358,36.947953692845566,3.2750706813095327,448.34042501104767
anntaylor@hotmail.com,"PSC 1634, Box 8167
APO AA 49814",Teal,33.780156763295054,11.91763618310149,36.84473381504451,3.6349960063068965,518.7864830920807
hickmanelizabeth@yahoo.com,"12641 Greer Track Apt. 183
North Mitchell, IA 77991-6276",DeepPink,32.67294353,12.276056984463208,37.19279353222784,3.9824715131070567,523.6339351357243
halljohn@yahoo.com,"311 Savannah Ramp Suite 245
Carlsonbury, LA 08453-6035",MediumTurquoise,32.72852076313786,10.131712461927215,34.84561239331277,3.287701824074408,393.8573709860865
cohensean@yahoo.com,"3751 Green Loaf
New Julia, VT 20897",DarkCyan,33.40992258786484,12.026942222615626,36.13389429009422,2.3133498845806395,426.1545477
jmartinez@anderson.org,"14889 Page Prairie
Dennisville, NV 27982-4210",PeachPuff,31.72420252384518,13.172287495263063,36.19975347391624,3.557813698186695,503.38788728796044
cbrady@gonzalez-miller.com,"193 Ashley Plaza Suite 706
Hernandezport, WV 71270-7338",Aqua,32.711119299295326,12.326291385476884,36.67387835766538,3.3502792875449092,482.6024673294826
pkline@hotmail.com,"PSC 6338, Box 7637
APO AA 22066",MediumTurquoise,33.13665525,13.891313421778493,39.22071295098572,2.9070949348220267,524.7976275698039
martha91@garrison.net,"360 Albert Spring
South Tylerbury, VA 92641-9077",HotPink,34.37939438496412,12.930928541308226,36.36024719793431,3.7927119551515887,574.6548433659395
maureenlopez@gmail.com,"82537 Alice Centers
Gregland, OR 71749",SeaShell,35.530904145898624,11.379257182400217,36.63610411908917,4.029453828152192,574.7472196620896
russellbaldwin@ferrell.info,"295 Michael Keys Apt. 706
Ericfurt, KS 09476",Orange,33.24726795047748,14.069382336483997,38.993322451155734,4.978475793470261,660.4251842914138
amandastanley@yahoo.com,"38528 Jerry Valleys Suite 027
Jonesstad, NY 74787-2691",CadetBlue,32.096108993845185,10.804890557641668,37.37276214632111,2.6995620549722683,375.39845541024306
george02@hotmail.com,"3286 Lynch Field
Henrychester, RI 41833-7902",LightCoral,35.039283064909725,14.426491050422623,37.37418350489759,3.9306153266132897,640.1877400085721
swilliams@ball-arroyo.com,"450 Samantha Valleys
Collinsborough, KS 37205-9891",Orchid,32.55052657442161,13.041244588162265,36.655208083959465,3.4562338235263015,514.0098178487356
taylorjared@foster.net,"601 Mitchell Estates Suite 922
Port Daniel, WV 83595",Crimson,32.58249357081853,11.739743796165987,36.85481082475086,2.1820169698233887,376.49684071853704
keith13@yahoo.com,"81830 Katie Squares
Port Austinland, FL 73522-0761",LightGoldenRodYellow,33.29698192462649,12.49105873801881,38.238940853091385,2.7095266269292764,484.5198091105511
schmidtdenise@hotmail.com,"06392 Matthew Viaduct Suite 000
Lake Ronald, NY 45787-0181",DarkGoldenRod,33.10833615,12.892374513653694,36.52738830431376,4.5941168646031905,614.7296376283244
jasmin20@salas.com,"634 Nancy Shoals Suite 241
South Barry, AR 52307",HotPink,33.902717794463925,11.668866514553862,37.34126616101072,4.25698329,567.4750105270774
christophermorrison@mcguire-carter.biz,"90089 Eric Well
Nicoleside, MT 95918",Blue,34.55528258670921,11.777772039564965,37.97982686004657,3.7842730870783043,554.0030934
deborah51@yahoo.com,"4190 Shelton Harbors
North Christopher, RI 60962",Violet,33.73264839262621,12.138793877121689,36.853882459920776,1.6234196094562199,399.98387159812256
melindahartman@gmail.com,"3761 Jared Mountain
Nicholasport, WY 51181",Pink,31.600512200303292,12.222967446546058,36.82275323,3.4145062403052493,479.17285149109694
sharper@yahoo.com,"239 Bush Fall Apt. 906
Riveraville, KY 88906-3319",SandyBrown,34.318927438542204,13.402331896928283,37.29204470528371,3.6060868889081727,585.9318442972224
jessicabrewer@simmons.net,"5052 Mccoy Passage Apt. 328
Teresaport, FM 97139",LightBlue,34.00648891839723,12.956276605432244,38.655094538522064,3.275733705185027,540.9957391083377
beckycarson@jones-brown.biz,"78787 Mitchell Lights
Matthewville, AZ 30310-0130",Gold,33.54047906012372,12.884124621344766,36.22604169397467,5.0072719865899025,628.0478039330167
jennifer24@hotmail.com,"46954 Melissa Corner
North Amanda, LA 34844",SteelBlue,34.43642583784763,13.325469096138633,36.76860309148005,3.3712581132239197,582.4919237338106
jeremy00@yahoo.com,"45442 Barber Key Apt. 882
South Jaclyn, NM 24367-3001",FloralWhite,33.55169913754013,12.15858523387948,36.57513377612486,5.453969474611709,640.7861663983061
wellsjuan@schroeder.com,"0338 Francis Junction
Lake Alexstad, NH 14302",Green,31.818616566769066,11.226545663510619,35.669935165958194,3.7558693892629655,446.41867337013565
gregorystewart@hotmail.com,"232 John Haven Suite 456
Johnsonhaven, VT 90106-0173",PaleGoldenRod,32.36312129411639,12.461135435006733,37.74560774187829,4.664258497238649,570.6300980875259
tammyjones@griffin.com,"0859 Audrey Isle
South Zachary, AS 09138",Navy,33.191570884444964,9.846124908736233,36.876313233417314,3.8066709485629935,423.3083340974698
djohnson@hotmail.com,"5358 Stephen Parkway Suite 894
Kimview, MN 17436-4528",Coral,32.19249882778649,13.32541218598226,36.897294609068695,5.0499274746524065,616.6602860166826
kenneth27@smith.com,"721 Robert Viaduct Apt. 052
Lake Olivia, MO 93807",DarkGreen,32.60790271932764,13.677245841523792,37.74469969514907,2.871947536151015,530.3624688854229
johnathan33@yahoo.com,"836 Amy Villages
Hannahside, RI 09207-2616",LightSteelBlue,32.26200310699493,11.644969546399302,37.02687697079434,3.2367328142505314,442.3631173838644
carrillojacob@perry-larsen.com,"909 Hicks Mountains
Gabriellaport, MD 33121",Aquamarine,32.27184828087499,13.485008988077055,37.55088041321525,3.0863372723173246,511.9798599920658
greenelizabeth@edwards.com,"54051 Jenkins View
East Danielshire, IN 32905-7784",DarkViolet,33.79512493081247,11.620996507575207,38.41946853,4.559699083258959,560.4437921717631
denisemorrow@johnson-james.net,"24458 Hudson Square
Hallside, PA 68038",MediumSpringGreen,31.654809675692764,13.014459152355208,37.78903634703419,3.0102097779609496,475.26342372754846
wandaphillips@leonard.com,"149 Monica Vista Apt. 908
Jasonberg, TX 19632-8886",OliveDrab,33.07773079450243,11.466984219092826,35.675727630820134,1.809229592,374.2696745439231
zachary94@gmail.com,"99902 Scott Road
Joyton, MT 46760-7400",Purple,31.312349599444346,11.684904192367503,38.71707629773135,3.594295099901167,463.59141802794056
ppowell@gmail.com,"74260 Carly Mews Suite 703
Jonesberg, OR 39594",BlueViolet,32.87273861448019,12.093966355379461,36.62077385548951,3.049195743789432,471.60288439289195
bhill@pierce-kane.info,"3324 Branch Squares Suite 221
Riddleton, OK 34594",RoyalBlue,33.708153408093004,14.325654943309248,35.72182733,3.6343402240734415,626.0186727
matthewgraves@mills-shaffer.com,"66636 Jason Parkway
Kellyside, NV 67033",DarkSeaGreen,33.908565031728365,12.914846634589116,39.06886445133981,1.4823596439649784,432.47206125141577
nwagner@yahoo.com,"Unit 2079 Box 7792
DPO AP 47668",AntiqueWhite,32.312909745943095,9.82440177,35.74277912557426,2.921350140816143,356.6155678900057
jamesfaulkner@hoffman-wolfe.org,"Unit 0474 Box 0661
DPO AP 48938-3469",Blue,34.394326648449855,12.807751833234732,38.55103028983871,1.8100798764120298,467.4278485003528
phillipscarrie@gmail.com,"625 Andrew Locks
Madisonside, AZ 74068",FloralWhite,32.42330472721988,13.058277927143259,37.26387556144864,3.373104673991114,503.2173931191067
samantha84@cortez.com,"960 Miller Union
East Virginiastad, MS 74191-2346",Navy,33.539396346976595,10.534553499461076,37.03479128933126,2.2147975193939367,378.4735664479011
edward29@knapp.com,"4029 Gerald Cape
South Laurenborough, SC 19130-5133",DarkOrange,33.37401692609311,11.143433077943628,35.94639914639545,5.4544632775645265,584.2183134866808
hannahgilbert@gmail.com,"6961 Mary Stravenue Suite 857
Hilltown, TX 52813-7703",Aqua,33.79475594486519,10.982805534662877,34.81063145023747,3.201801722174991,451.7278633175868
lschroeder@gmail.com,"93101 Shannon Common
South Destiny, ND 30379-2855",Ivory,33.7709001,11.153966054877388,37.24032955207884,4.7294845415725035,557.6341089957288
thomaswendy@yahoo.com,"449 Amanda Tunnel
Joshuahaven, CO 15377",LavenderBlush,31.309192640891823,11.947175323941773,36.19083323650043,3.205529764506833,432.7207178399336
fuenteskathryn@schmidt-johnson.org,"839 Heather Cliff
South Blake, SC 90412",Cyan,33.612563354981084,11.470565004665819,37.06168877,3.802511438790271,506.4238599698002
melissa08@rowe.net,"13799 Cortez Inlet Suite 733
East Stevenshire, AL 32757",Tan,33.39826012958678,11.03785041365591,38.61733445368848,4.116340467131812,510.1598172791045
bradleysmith@barber.com,"581 Gilmore Port
Heatherville, MS 20879",PaleVioletRed,33.622591840455804,11.167356897497287,35.62658733096311,5.462500764129899,587.5747994806404
morganorozco@hotmail.com,"0001 Mack Mill
North Jennifer, NE 42021-5936",LightPink,30.492536696540196,11.562936246652605,35.97656497174036,1.4816166268553612,282.4712457199145
johnsonhannah@gmail.com,"634 Robert Hill Apt. 800
Coxtown, OK 32430",Thistle,31.904857131013614,12.22772827968665,36.98591347608606,3.771420131891554,473.94985742281614
javier02@landry.net,"Unit 7029 Box 3429
DPO AE 56975",CadetBlue,33.02642035,13.18681287300118,38.06692960186935,2.8982995778886362,489.90805309753534
lmalone@gmail.com,"USS Beasley
FPO AP 50556-7615",AntiqueWhite,32.975192902963855,13.394451788942055,37.80697766984659,3.5690465158585187,541.9722037582585
brandon77@richardson.com,"109 Jessica Manor
North Patriciashire, PR 84726",GhostWhite,30.81620064887634,11.851398743073139,36.92504303887863,1.0845853030221226,266.0863409
bhamilton@shaw.biz,"036 Mary Drive Apt. 581
Port Brandytown, FL 66143",DarkOrchid,33.91401511732236,12.266503838947585,36.57503097579012,3.0234744460455456,494.6871558102853
randyrobinson@hotmail.com,"14548 Hayes Isle Apt. 436
Garciaville, IN 65366",DarkGray,33.30267220801569,13.459222289832477,36.33952101023726,5.566384892,689.7876041747194
ecruz@yahoo.com,"08111 Barry Highway
Bentonberg, GU 13706",Gainsboro,31.912075929200608,11.792971821961505,36.257819118501914,2.3951681299791368,387.5347163057077
wrightdanielle@gmail.com,"508 May Highway
Port Jacobview, MN 31932",DarkSalmon,32.40855895733437,10.98574015235435,37.36839124072731,3.504833486,441.89663151788625
deandanny@yahoo.com,"9781 Lopez Spurs Apt. 300
Fitzgeraldborough, MA 89035-4317",Ivory,32.64461690576892,12.637557159364277,36.517085763648595,5.226687712532107,604.8413188212227
dblair@gmail.com,"190 Kelley Burg
West Juliaport, IA 35826-8163",MediumSlateBlue,34.10227850874102,8.508152176032603,35.46240008104617,1.8382107022501144,302.1895478
veronicapruitt@hotmail.com,"Unit 7502 Box 8345
DPO AE 53747",Cyan,33.24850620315415,11.656592033851751,36.54860515461888,3.3634113937857375,479.61481167314264
davischristina@hotmail.com,"49352 Avila Terrace Suite 624
Amandaland, GA 99736",SeaGreen,34.72908016563062,11.966898076780602,36.54759627699103,2.957448756503683,506.1323424
douglasdunlap@boone-rose.com,"093 Larson Ports
West Kathryn, OK 91243",Purple,30.39318454,11.80298577760313,36.315763151803424,2.0838141920346707,319.9288698031936
david28@wallace-hill.org,"43382 Heather Meadows
New Lisaburgh, WI 19151-0302",LightBlue,33.38411057,12.677401437121034,35.622530591605994,3.680847338174777,528.3092250312227
williammoore@rose.com,"686 Baker Fords Suite 893
East John, IL 50171-9547",Brown,32.878474365657695,13.032534975943191,37.87095205416159,4.693732057983859,610.1280331303979
angela25@walker.com,"456 Eric Views
North Amanda, MS 98876-3102",Chocolate,34.501417852783966,12.44761745405695,37.53453024067718,4.008352234634593,584.1058850493533
arice@reynolds.info,"740 Marshall Squares
Davidbury, AL 94251-0846",Thistle,33.56647438959015,12.235659245108506,37.27757337619507,2.532044061507893,466.42119882174364
adam75@gmail.com,"9991 Macdonald Squares
Vasquezborough, WY 73586-4597",Purple,32.84879283,10.973162084317348,36.60950715426321,2.8709869096996963,404.8245288726869
charlesgutierrez@hotmail.com,"363 Kathleen Underpass
Ashleyside, PR 98964",MistyRose,33.531860130613246,13.665769794267849,36.90022076162611,3.515688256202335,564.7909690079206
codyandrews@hotmail.com,"63010 Reyes Creek Apt. 569
West Catherinetown, MN 67491-6816",Indigo,33.41906734548329,13.391120179234008,37.194191046463956,4.069916619,596.516698
wheelernancy@hernandez.com,"66340 Michael Lane Suite 878
West Brian, LA 69137-1147",Gold,32.495418773654315,12.96832561098067,38.296110372778266,1.2004838567566694,368.65478494706446
drew27@ryan-thompson.com,"4475 Lopez Stravenue Apt. 690
Smithchester, NV 84347",PeachPuff,33.67402747501462,12.968893130527093,37.333107418297075,3.229450904,542.4124767293989
suzanne63@gmail.com,"229 Eric Mountains
New Caleb, PA 00396",LightSalmon,33.26463207316392,10.732131340303663,36.14579171248221,4.086566338485993,478.26212639683575
mitchellscott@gmail.com,"3976 Tom Streets Suite 438
Port Davidtown, AL 55334-2369",DarkOrange,32.76245596030955,10.952353380458653,37.64629178743077,4.019470351595002,473.3604956
laurajimenez@gmail.com,"06103 Erik Fields Suite 781
Jonesmouth, GA 49931-3078",SlateBlue,33.47947160188164,12.60888879370027,37.22939451627662,4.205903889533483,559.1990479544186
rogersheather@hamilton-jensen.org,"510 Michele Port
East Angela, HI 23618",MintCream,33.785207205733194,13.039511025284968,36.31272657154038,2.0181946292873114,447.18764430541864
ievans@hotmail.com,"2064 Poole Groves
North Chrisland, SC 78169",NavajoWhite,33.21718784289895,10.999683661085923,38.44276668680506,4.243812816726185,505.23006828207065
john85@rodriguez.info,"57120 Frank Keys
Jerryborough, DC 81028-0939",Tomato,31.128090049616628,13.278956228597716,37.38718052656558,4.626075291951958,557.2526867470547
phillipsmark@byrd.net,"6734 Perez Trafficway Suite 395
Nunezland, NC 83245",DarkSeaGreen,33.36951735608769,10.62794922615627,38.04031366664072,3.002957023,422.3687366068266
elizabeth61@berg-braun.com,"649 King Extension
North April, NY 54175",Lavender,32.837893053239185,13.185181167368498,35.92159518889928,1.8235951829918027,445.0621855089249
dbenson@simpson.net,"732 Heather Place
North Michael, VT 92527",DodgerBlue,30.574363684171367,11.351049011250831,37.08884657968332,4.078308001651641,442.0644137580656
stephaniehill@hotmail.com,"8248 Parker Overpass Apt. 024
Lake Pamela, WY 44322-1735",Wheat,32.27459383033916,12.954811454937932,37.10881638,3.6899166154475918,533.0400601788124
davisbriana@gmail.com,"15298 Erickson Shore Apt. 056
South Patrickfort, MD 16503-3145",MediumVioletRed,33.14423399987652,11.737040635272379,37.93518904595916,2.190132185380053,424.20282709903245
kday@gmail.com,"4835 Jessica Walk Suite 205
West Jacob, NH 93681",Magenta,33.48551976,11.887345302061831,35.86244707788159,3.2067566975868704,498.63559848917595
jonathanconner@morales.biz,"920 Anderson Extensions
Greenfurt, GA 19316-3498",SeaShell,31.976480061461288,10.757130926114415,36.59586794587455,1.9770071278430592,330.5944460341002
anneingram@miller-alexander.com,"4301 Park Lake Apt. 158
Spencertown, SD 45934",HoneyDew,32.13386240984833,11.612650769570312,39.24880390433504,3.349245382527182,443.4418600624623
jeffery48@mcguire.com,"52326 Townsend Centers
Lake Williamburgh, NJ 70568-7463",LightCyan,32.302553103111435,11.979061483915341,38.26906069147024,3.532861579556475,478.6009159
theresamitchell@martin-chambers.biz,"157 Linda Roads
New Jimmyshire, MH 51942",Khaki,31.82797905546526,12.461147444665416,37.42899736939191,2.9747368150832405,440.0027475469415
christianwade@butler.info,"3687 Sarah Ranch Suite 919
Gainesfort, AK 05665",Crimson,32.018074010632084,10.079463451952432,38.07066426,2.6181653103960847,357.7831107453153
tina16@santiago.com,"314 Kidd Run
Johnfort, KS 46546-2732",White,32.997459002491695,12.589240561061523,37.33224074655334,2.8040136926903942,476.1392469
vancealicia@hotmail.com,"06307 Scott Spurs Suite 161
Jessicaburgh, NH 26093-5908",RoyalBlue,31.81642833419931,14.288014590766299,36.77386136993079,2.9644978762354017,501.1224915036564
dbell@hotmail.com,"3485 Anthony Street Apt. 119
Mikeberg, FL 32602",DarkViolet,34.46151473966461,11.917115695587762,37.76668677332467,4.3508878437244665,592.6884532021675
pamelahampton@martin-cobb.com,"91542 Jessica Springs Suite 255
Thomashaven, MT 39239-3790",DarkSeaGreen,32.34279623166797,11.40964461636565,35.77778217066089,3.8724320418689104,486.0834255029927
mark81@wagner.com,"410 Gonzalez Corners Apt. 187
East Stephenport, VT 22771",Navy,32.30274837339047,12.815392648610311,37.95780983454751,4.615426306527649,576.0252441251166
awerner@manning.com,"407 Blake Ways
Port Davidland, WA 78438",Gray,33.06644065628263,11.673229254101274,37.84065507750671,2.727209453758874,442.72289157427144
robertramirez@kaiser.com,"1583 Anderson Coves
East Rebecca, NH 27212",Purple,33.894640388465476,10.61053651970745,37.97738873797974,3.537123879902206,461.7909590614097
justin26@gmail.com,"32303 Baldwin Causeway
South Robertside, HI 58126",RosyBrown,32.765664587506606,12.506548190327935,35.82346666642284,3.12650949,488.3875258
douglas95@yahoo.com,"395 Summers Courts Apt. 413
Coopermouth, IA 21205-1079",White,33.76981237165136,11.304462307422884,37.833971728598954,5.137816745950984,593.1564014822196
qmorse@yahoo.com,"0360 Pearson Dam Suite 263
Lake Shawn, UT 65986-4190",MediumTurquoise,31.812482559724266,10.886921180951674,34.897827688311345,3.1286388557446334,392.81034498379734
jason50@bates.net,"74839 Michael Plains Suite 356
South Austinshire, ND 40309-1424",Bisque,32.00850451785513,12.095889485093478,36.37750903434099,3.1789524050534483,443.19722102875545
qeaton@savage.com,"27032 Michelle Forest
Morrowtown, ND 14749",SaddleBrown,33.30433661798984,12.692661429739388,37.33359061333867,3.8273759151075666,535.4807751896418
tluna@hotmail.com,"01512 Hendricks Rue
East Pamela, PR 46481",YellowGreen,32.189844729273545,11.386775551280651,38.19748324839899,4.808320372869162,533.3965537868428
kara33@gmail.com,"5527 Hogan Road
South Jeffreychester, MA 28632",LavenderBlush,34.935605105644306,10.728418539377822,36.88119240747175,4.048510087289211,532.1274491097012
thomas22@yahoo.com,"7346 Jennifer Green Suite 148
Wagnertown, MT 65972",IndianRed,33.55165060797954,11.936895159842097,35.90025278215821,4.5433324132930855,558.9481123879059
david47@hotmail.com,"37216 Krista Drives
West Andrew, DE 70036",DarkKhaki,32.38696867463189,12.717995102314035,35.12882235312117,3.4810621331251683,508.77190674151797
beasleyjoseph@hotmail.com,"1094 Bentley Forges
Lake Antonio, MA 29181-3664",SaddleBrown,33.34450868519732,10.969802874106238,35.97457811,2.627624971434411,403.7669020956173
hoffmandaniel@yahoo.com,"922 Hampton Path Suite 198
Port Jasonmouth, FL 46623",Orchid,33.67275789,13.420545742201174,37.76369040280343,4.794312263402832,640.5840618984408
garnerjustin@king.com,"0833 Brian Canyon Suite 566
Anthonymouth, VT 01329-7541",DarkCyan,34.00207092262163,11.85468192110211,37.491892210406924,2.761861926301417,461.62827839108616
francesjohnson@lee.com,"577 Peters Turnpike
Loriport, MA 60572-1669",Aquamarine,32.65539704223188,11.91885970932454,35.71626915951701,2.1596760229888288,382.41610786547506
awu@robinson.org,"0281 Dale Wells Suite 656
East Joshua, ME 73389",Brown,32.054261851184755,13.149669557991398,37.65040020345744,4.1956144126751305,561.8746577
xevans@hotmail.com,"13164 Miller Camp
South Deannaberg, ID 85433",DarkMagenta,33.22877226969563,12.685393899848075,36.04898625036686,2.139403004485981,444.57614413373005
lauriewilson@jackson.com,"389 Joshua Stravenue Apt. 983
Martinezland, MN 29049",Cornsilk,32.077590044329135,10.347876945661577,39.04515569638811,3.434559723,401.03313521910604
cruiz@yahoo.com,"497 Julian Brook Suite 872
Hillberg, FM 87927-5760",LightSalmon,33.981005579787784,9.316289204373824,36.91495154541398,2.8684281816397523,384.3260571375157
tammy12@gmail.com,"78297 Brown Street Apt. 786
East Taylorfurt, AK 97246",Chocolate,34.17951756796679,12.581547729914535,35.444264696393994,3.1370689754806826,527.7829957560522
adamperkins@terrell.com,"2595 James Creek Apt. 571
Millerberg, HI 82236",PaleVioletRed,32.60273898042012,11.764447589452987,37.92270381,3.5258064121952244,482.14499687576796
willie26@johnson-howard.com,"97686 Robertson Cape Suite 607
Port Veronicaside, NE 47293",Wheat,32.03054971621298,12.644202118863696,38.00182746752369,5.038107493844868,594.2744834186117
yvaughn@meyer.com,"9863 Dawn Court Suite 429
Lake Connie, MI 12238",OldLace,33.100357750772915,11.832112231483734,36.841491638054855,3.6122391519936996,502.0925279023197
carolfarley@gmail.com,"51173 Curtis Cliff Apt. 727
Ramoston, DE 32714-4579",SlateBlue,32.99059904291544,10.441235061603205,35.93896250240334,2.8950751628043556,407.65717875932603
rhonda01@gmail.com,"939 Watson Run
Staceyberg, VT 58376-0454",Orchid,34.385820292995376,12.729719510423307,36.232109802584205,5.705940716620838,708.9351848669819
david80@knight.com,"368 Morris Ports Apt. 735
New Lisaville, GA 34271-8632",MediumAquaMarine,34.357196268204405,9.477777607959723,37.90601452014432,5.0470225513950995,531.9615505451646
aaron04@yahoo.com,"16338 Scott Corner Suite 727
West Alexandra, AR 54429",SeaGreen,33.70511279750195,10.163179060052556,37.76304108154524,4.778973636034998,521.2407802357948
kaylahenderson@hotmail.com,"Unit 1609 Box 3480
DPO AA 95185",MediumSpringGreen,32.40429504598358,11.608997936221536,38.11045690682496,2.966558885,447.3690271993314
mholt@hotmail.com,"486 Adams Hills
North Walter, MS 18124",LightSeaGreen,31.829346455921133,11.268259230574026,36.95696543,2.6689197733345025,385.152338
tanya20@gmail.com,"69279 Stewart Mountains
South Pamela, KS 22541-3414",DarkKhaki,31.366212167187687,11.163159542913277,37.088319364334765,3.6203545888040867,430.58888255648486
aaron89@gmail.com,"0128 Sampson Loop Suite 943
Hoffmanton, MO 02122",SaddleBrown,31.447446494127817,10.101632204781014,38.04345265084127,4.238296188412728,418.6027421
hunterlucas@gmail.com,"89301 Kylie Crossroad
Petersonberg, MH 23834",Turquoise,33.58294683702328,12.761531278201021,36.90818962373682,2.4793398232086954,478.9514047578855
sfarley@jones.com,"0554 Powers Curve
Nathanchester, FL 06878-6336",AntiqueWhite,32.39742194430904,12.055340161330117,37.68546548721554,3.506967573635258,483.7965220614929
sarahtran@dixon.com,"770 Katie Walk Apt. 585
Port David, MN 52850",GoldenRod,35.03744996157605,11.935934966559183,35.78392374450292,3.310150346576856,538.9419745
randywhite@armstrong.biz,"0506 Pitts Forks
Woodsbury, AL 98082-8186",Teal,32.78494023263413,12.451200012438312,36.66579136924871,3.5358024678738276,486.1637990666317
tsmith@yahoo.com,"92028 Thomas Mountains Suite 044
New Matthew, MI 02429-0994",Bisque,33.97172204,12.284467067067208,38.29572526401705,1.1304769604319769,385.0950070687634
martinezleah@carter.com,"8456 Joseph Locks Suite 926
Christopherport, TN 57784",PaleGreen,33.38599019075222,12.782171794760183,35.55077226680613,3.2287176862706497,527.7837897574573
steven00@combs.com,"64460 Morris Fords
Gonzalesmouth, MI 40832",RosyBrown,33.556555671402755,12.960307128914414,37.951946317735135,3.3459223210048927,547.1907493518986
blakekent@smith-pena.com,"3933 Brooke Point
Johnsonburgh, DE 22659-3488",Crimson,33.58737339024554,9.953995006,37.34573893439929,3.2156668270219866,410.60294394921505
amanda03@yahoo.com,"313 Lisa Loop Apt. 543
North Jenniferchester, MN 58819",Brown,34.18818406101828,13.130021664776669,35.42933438847124,3.7905521368804433,583.9778019715428
brandonsmith@yahoo.com,"62106 Nathan Mountain Suite 505
North Matthewborough, AZ 32092-6122",Gold,33.59396354804201,11.520566788562215,36.18913179541947,3.5612152714310823,474.5323294398898
thardy@perry.com,"39209 Cooper Neck Apt. 541
Tylermouth, ME 94450",SeaGreen,33.236265721508744,10.972554314292413,34.57402758718963,2.931619534651152,414.9350606518193
michael86@yahoo.com,"87270 Garrett Cliffs Suite 361
Brooksberg, MO 26555-2502",LightYellow,33.20891970058922,13.53191346185937,38.95246252162795,3.0465406206892376,550.8133677324173
ulee@wells.com,"309 Singleton Hollow
Matthewhaven, NJ 68776-7477",LemonChiffon,33.63781167586591,12.039502370469922,34.48718474774243,2.739200466766662,458.78113168424994
judithsmith@jimenez.biz,"186 Anthony Route
Gordonview, AS 78120-4633",DarkOrange,33.59048580327403,10.942069621017652,36.17049420248099,2.783963128204522,407.54216801343483
nblack@smith-romero.biz,"00615 Tracy Islands
New Marcfort, MO 87297-7431",LightCyan,34.195508030962635,12.664192622515646,37.02715036476952,4.330407444211276,581.3089329
michaelcampbell@yahoo.com,"96480 White Lane Suite 521
Pattersonhaven, OR 39409-4561",Gray,35.86023651335309,11.730661394277831,36.88214908,3.416209978,546.5566668627299
rcarter@crane-thompson.org,"14064 Frazier Hills Apt. 176
Amyborough, MP 77858-0018",MediumVioletRed,33.48193057257537,11.918670307379347,37.31770494919684,3.3363393820041853,503.1750851912004
dwhite@gmail.com,"02136 White Grove Suite 418
Marytown, DE 70033",OrangeRed,33.25823783380398,11.514949066574868,37.128039498322295,4.662845304002564,549.1315733
vancemichelle@gmail.com,"6586 Reginald Crest Apt. 061
North Josephfort, NM 55275",DeepPink,32.319857972167306,12.418113202231622,36.155336204959546,3.222080766760957,482.83098586170183
kylemelendez@hotmail.com,"2749 Cunningham Flat Apt. 838
Derekberg, OH 45288",DeepPink,32.43083857908201,13.887275413385504,38.38195597213616,3.7729690246447083,557.6082620533542
richard35@hale-duncan.net,"33940 Craig Throughway Apt. 334
Martinview, IL 62015-0314",GhostWhite,31.44597248275779,12.846499067474369,37.86921693600857,3.420149530164856,484.87696493512857
waltonkaren@gmail.com,"355 Villegas Isle Apt. 070
West Jenniferview, NM 26775-4339",Green,35.74266980593494,10.889828283005029,35.565436237139735,6.115198945760052,669.9871405017029
contrerastiffany@gmail.com,"439 Todd Summit Apt. 478
Mooreland, AR 31655",CadetBlue,34.012619460656374,12.914570094327917,36.046203518424534,3.488029991222591,547.7099885778625
rogerstiffany@wilson-horne.com,"30700 Justin Ports
Port David, PA 52171-5921",DarkOliveGreen,34.14039342796294,11.568526641744768,38.918748541019504,4.082855278762214,537.8252822957112
waltercharles@sanders.net,"291 Stephen Glens Apt. 532
Jacquelineton, NJ 53606-5656",IndianRed,32.37798965892753,11.971750786570595,37.19936752783635,2.8296995751470893,408.2169017707518
john96@chan-anderson.biz,"04290 Barron Square
Laurenmouth, AS 79917-9544",Snow,33.17233109074306,13.07869243953642,37.329818625212354,5.405406467229508,663.0748176067602
bushsharon@barber.com,"0013 Andre Field
Whitebury, AZ 68447-6306",DarkSeaGreen,33.24732220295966,11.956426484854195,36.51734612,3.451750709833103,506.37586675019753
nicolegay@jennings.com,"50718 Timothy Light
Garciaport, SC 60266-6696",BlueViolet,33.59891333929404,13.252737094184228,37.30596141998359,2.935577273740486,528.4193296952955
rchambers@hotmail.com,"53964 Weaver Brook Suite 861
Stevensonshire, NY 18128",OliveDrab,33.08529799058909,13.093537281195058,38.31564796064117,4.750360071,632.1235881419656
gomezalicia@hotmail.com,"506 Allison Cove Apt. 766
Weeksstad, AS 71308",MediumSpringGreen,32.278443347919655,12.527471744522868,36.688366542504845,3.5314023030588984,488.2702979651482
potterkenneth@strickland.com,"2559 Harris Pines Apt. 514
Michaelshire, ME 21753-8834",MediumSlateBlue,33.441553044751224,11.235968954252515,37.05261630809583,3.904479379627935,508.7357409506604
charlesjackson@brady-fuller.net,"3802 Veronica Causeway
East Patrickfurt, DC 84522",GhostWhite,32.86530120924307,12.074830167957376,35.56917031744619,2.3990797897904113,411.1869635742789
jacquelinewest@pace-herrera.com,"592 Villanueva Village
Woodsstad, AK 20530",Purple,31.52619789823981,12.045331979699332,38.50588332918249,2.847709026474498,409.09452619233787
stevenjohnson@yahoo.com,"PSC 4427, Box 6116
APO AP 87584-5187",SandyBrown,33.000849640152055,11.230743306761045,36.99529016635977,3.781703565104839,467.8009243667916
johnsonchelsea@gmail.com,"19270 Velasquez Coves
Boylechester, AZ 51480",LightCyan,32.088380630448206,11.90784409977911,35.18912244437772,4.349778419,512.1658664
jenniferjenkins@jones.com,"USNS Jacobs
FPO AE 71507-1312",LightSalmon,33.26544447284578,13.05221038516131,38.775665296116884,4.574287716419565,608.2718166151668
ebutler@rogers-gonzalez.com,"001 Estrada Union
Lewismouth, TN 47360",Chartreuse,32.992573196692234,13.004362005673078,36.98504141740091,4.620416384895069,589.0264897562791
ellenlucas@cox.org,"86268 Davis Corner
North Danielview, CT 59551-9382",DarkGoldenRod,33.86318870719846,11.52352268106905,35.93804523,3.0130325004194374,444.05382657277266
elizabethnunez@vasquez-nelson.net,"209 Andrew Viaduct
Port Anna, OR 01627-8037",Cornsilk,32.59209322575472,10.314717921893896,36.72902940108787,4.791108744558267,493.18126139071865
ramirezjacob@turner.com,"19704 Kaitlin Flat
West Andrewtown, VI 38642",Magenta,32.381034590963445,12.433128529733452,37.626906802047884,4.334001444341368,532.7248055
brian51@cook.info,"0508 Terrance Cliff
Rebekahtown, NC 48724-8308",SaddleBrown,31.517121802506228,10.745188554182882,38.79123468689964,1.4288238768282668,275.9184206503857
victoriajohnson@gmail.com,"2082 Christopher Place Apt. 081
Cynthiahaven, HI 99393-8910",DarkViolet,33.45430192604019,11.016755636715029,37.63731096,4.137000388171067,511.0387860511611
lawrencewalton@hotmail.com,"584 Patterson Falls
West Alicia, DE 45751",Chocolate,32.21552741998912,12.216854693359824,36.95395970110429,2.910530822492482,438.41774201146853
ashleymoreno@gmail.com,"11430 Meza Green Suite 037
Martinezborough, FL 40624-8726",DarkViolet,31.673915503274955,12.329147021418827,37.07437106706513,3.9824623189556387,475.7250679098812
wesleyvance@moore.com,"210 Johnson Street Suite 717
New Bethanyborough, MO 84817",Magenta,33.717554613005134,10.80696607,36.01231723045213,3.701229217020273,483.54319386538816
edwardbrown@yahoo.com,"2971 Angela Island
Lake Timothychester, NE 48734-6685",HotPink,33.21547157476038,12.135101396955722,37.14209368933963,5.8405058759314255,663.8036932755082
youngellen@hotmail.com,"994 Joel Highway Suite 216
New Jessicafort, UT 14179",DodgerBlue,31.574138022873235,12.94155572990243,36.72527682557127,4.560396067343641,544.4092721605869
robin80@yahoo.com,"928 Bailey Road
East Mary, DE 11678-5634",Turquoise,33.89457038870139,13.300299363336556,36.393683855020775,4.4900020655598345,630.1567281670505
dana59@hotmail.com,"31927 Jill Mountain
South Jessica, MN 63418",Blue,33.12869268643142,10.398457713085639,36.68339299807869,3.859817998874009,461.11224843060927
bwilliams@hotmail.com,"1549 Walker Passage Apt. 463
West Calvin, AZ 03144",PaleVioletRed,34.37032705,11.887800415781037,37.86144725932397,3.0466201888222324,491.9115050963458
whitetyler@anderson-avery.com,"4547 Stafford Throughway Apt. 178
North Patrick, MD 60768-4837",MidnightBlue,34.08026009173408,11.591439703136587,36.456898410524325,4.652854446136777,574.4156896079882
rwilliams@trujillo.biz,"54560 Thompson Creek Apt. 029
New Brianville, FL 84430-8588",BlanchedAlmond,31.42522688085481,13.27147504252467,37.23984661097634,4.022102909528949,530.7667187
randall85@williams.com,"5086 Morales Islands Apt. 099
New Patricia, IL 78823",Black,33.62530726457669,12.988220598633102,39.672590955941864,3.9694177591077393,581.7987976770314
kevin45@mathews.net,"02393 Baker Falls
New Georgeport, ND 36338-5110",DodgerBlue,31.86274111,14.039867262521906,37.02226898591233,3.7382251733253336,556.2981411740467
deborah48@white.com,"1693 Gary Mission Suite 479
Lake Kelly, MO 68205",DarkGreen,33.29258730730077,11.906507762219915,38.42286529341121,3.3766875,502.13278922725397
hoganrichard@george.com,"4929 Michelle Grove
Lake Alexis, MT 92147-1660",BlanchedAlmond,33.74922777081331,11.137140302310659,38.40137368953426,4.595522708601322,556.1863688687886
kelly24@lewis.info,"983 Ross Glen
West Jessica, NJ 42860-5757",Bisque,34.14496898723948,12.902664889103926,36.61119877576035,2.2239934582520533,475.07162989966184
katherinegray@yahoo.com,"685 Sexton Ranch Suite 125
Lake Robertshire, NE 04469-3024",Cyan,31.12397434991195,12.386516256494852,35.63211221551042,4.288486770885737,486.9470538397658
efoster@williamson-boyd.org,"4968 Bennett Manors
Rogerschester, IL 81579-8333",Lavender,34.27824787999725,11.822721745594304,36.30854529439036,2.1173825415272596,434.1442020262987
jordandavid@gmail.com,"61502 Parker Vista Apt. 363
Jonesshire, GU 33532",Violet,33.66661568345138,10.98576379,36.35250276938114,0.9364975973183265,304.1355915788555
sanchezamber@scott-patterson.com,"257 Hunt Manors
South Charlottefort, CT 15033",Fuchsia,32.25997326555701,14.132893457553365,37.023479236405706,3.7620704427115657,571.2160048349454
tinayoung@hotmail.com,"83995 Owens Course Apt. 747
South Jennifer, NJ 29942",MistyRose,35.43316530057876,11.912210479900578,36.08964365766702,4.000963586,583.0796356620574
alicia28@fuller.com,"8055 Robinson Brooks Apt. 657
Walterview, KY 83019",CadetBlue,31.967320947882403,11.481587147836263,39.24096484164356,3.5325171645393527,445.74984123965226
rileyalejandro@gmail.com,"Unit 1475 Box 4215
DPO AE 39546-5591",LightSteelBlue,32.149060522105984,10.04731473507118,37.181447310649894,3.5350884276189447,392.9922559140308
oliviamarshall@sawyer-sellers.com,"Unit 5934 Box 9748
DPO AA 37361-3043",Brown,33.918844177834046,12.428736927868275,37.30536187928602,4.158214652664192,565.9943634015268
hortonrobert@hotmail.com,"31309 Stacey Keys Apt. 979
South Jason, KS 35357",Salmon,33.20061634140451,11.965980266792482,36.831535850846905,3.5490360574269735,499.1401524490539
montgomerycheyenne@hotmail.com,"1812 Sandra Shoal Apt. 350
Amandamouth, SC 87794-1628",FireBrick,32.53677489754807,11.121366060509414,36.97937237345656,4.1292546880945356,510.5394216996283
martinkristi@sanchez-coleman.com,"PSC 1893, Box 7023
APO AA 73445",Lime,34.08366330162949,8.668349517101323,35.906756365793065,2.2524459633808416,308.52774655803336
jefferycampbell@gmail.com,"381 Ashley Locks Suite 366
North Migueltown, TX 09795-0494",GreenYellow,33.02502013857587,12.504219807675254,37.64583878801402,4.051382465375181,561.5165319790891
webertom@phelps.com,"189 Crawford Hill Apt. 746
New Madison, WV 14108-4333",DarkOrchid,31.268104210750717,12.132509111641538,35.45679815,3.0720761414868827,423.47053317382387
aschmidt@johnson.biz,"Unit 1743 Box 8085
DPO AE 47693-8164",Blue,32.21292383005795,11.732991461588078,35.633953947400784,4.331863026751083,513.1531118530668
lisadelgado@gmail.com,"57993 Jennifer Unions Suite 685
Emilyville, OK 53366-2375",Olive,33.499506100675546,11.946590884981754,36.486325072393406,3.937862643180167,529.1945188649573
sharongraves@yahoo.com,"73098 Ronald Port
Cliffordborough, MO 37479-9244",Wheat,32.90485366735398,12.556107616938167,37.80550943244919,0.2699010899842742,314.4385182951061
flevine@gmail.com,"5292 Melanie Crescent Apt. 064
Fischerborough, NV 85721-5045",AliceBlue,32.204654645678524,12.480701517118195,37.680287608367976,3.2794662600656097,478.5842860083426
rskinner@johnson-jefferson.com,"24725 Neal Lock
Cynthiaville, NY 51578",OliveDrab,32.67515450844823,12.594194066191111,37.68387537364701,2.5717778354776577,444.58216497865277
kiarakim@harris.org,"1502 Gonzalez Throughway
Kathrynchester, FM 86014-7194",Linen,32.99838766242905,10.946841939586896,37.64780805527063,3.8260306175375143,475.01540708775025
rachelrodriguez@lara-waters.com,"35466 Tommy Stream
Port Daniellemouth, KS 68863-6330",LightSlateGray,33.94311858,11.48419869378604,36.83936583281821,2.4024538334142234,436.7205558562188
dbrown@gmail.com,"76666 Kathy Locks
Port Susan, ME 64335",Indigo,33.55210836340867,11.120870867123784,36.80837605948795,4.027813842,521.1953105318003
mary45@gmail.com,"33213 Tanner Knolls Apt. 519
Whiteborough, OR 37119-7790",Lime,33.67683086814267,10.971392430875488,37.72236711094261,3.629339915268192,478.18305971187965
marcusleach@floyd.org,"Unit 3998 Box 4348
DPO AA 37629",SteelBlue,32.64194636558817,11.588948579712497,36.32214091690131,3.189609941879746,432.48116855701767
lmunoz@yahoo.com,"2100 Austin Camp Apt. 943
Anthonymouth, WV 24243-3781",Olive,33.42121218172261,10.706641521307747,35.766153500383716,3.3939750434342972,438.30370784642975
dvasquez@wiley.com,"967 Chloe Springs Suite 554
Lake Ashley, GA 03230",HoneyDew,32.76707608122926,11.07625934092972,34.77975050203264,2.574948470025072,388.94054879219425
dylanmartin@hotmail.com,"42644 Helen Keys Apt. 103
Jessicahaven, KS 89406-1960",MidnightBlue,33.11995442833815,12.953262542191796,37.03427958207978,3.4720213800343784,534.7714849461672
xkaufman@gmail.com,"02342 Melissa Islands
Smithhaven, KS 68335",DarkViolet,35.37187609232446,10.572466600106116,36.86218334634355,4.198349060814376,537.9157529213054
jasonhensley@yahoo.com,"97262 Brian Skyway
Lake Marissa, GU 96859",Sienna,33.97608258,11.658036814224134,37.42527868006791,2.086348146609663,407.8763782204976
gstrong@hotmail.com,"7875 Landry Road Apt. 947
Brownshire, NC 10074-7735",Pink,34.03416353106073,13.592512657946294,36.83865678634849,3.6059339177330707,618.8459704239658
arnoldsamuel@wilson.com,"949 Tapia Viaduct
Martinezfurt, CT 79271-8205",LightSkyBlue,32.77049215854934,11.371767361248999,35.26149811626243,4.034386130357466,502.77107456549606
scottrose@yahoo.com,"50639 Sarah Isle Apt. 268
Yangmouth, MO 05540",SaddleBrown,33.50381038174352,11.233414953540922,37.211152581351115,2.320550249888456,397.4205841
salazarkaren@hotmail.com,"51173 Burton Wall Apt. 417
Prestonville, NY 37002",SteelBlue,31.874551694585367,10.290350765056484,36.929761561703394,3.491093337009152,392.2852442462675
susanibarra@yahoo.com,"426 Scott Radial Apt. 065
Abigailstad, MS 16590-2222",Thistle,32.53323998265473,14.121783839255324,38.40632901011416,5.320093863780987,689.2356997616951
nhenry@hotmail.com,"3874 Harper Plaza
North Nancy, ME 96802-9462",BlanchedAlmond,34.85131416586477,12.41554196333362,37.67232248424959,3.1305384624648442,543.1326262891694
millerrachel@gallagher-nichols.com,"Unit 4742 Box 9517
DPO AE 67219-3123",Turquoise,34.21146128149797,10.770248917443363,34.649800047407126,4.985204970864011,577.7360248512277
garciakevin@gmail.com,"845 Colleen Ways
Lake Matthewview, VT 65340-3159",Orange,33.45961931752967,12.664390524735163,36.36684324701071,1.7269620431885113,436.58074034754827
philliproberson@yahoo.com,"Unit 0373 Box 8981
DPO AA 89902",Beige,34.200539409318985,12.667808875387266,37.48704924855169,3.7016222869142337,553.9946735912697
kstafford@estes-nguyen.com,"PSC 4856, Box 1297
APO AA 17032-7944",YellowGreen,31.169506798711588,13.970181074130446,36.67395273856423,1.7851739448879638,427.35653080229275
kennethperry@bowen.org,"272 Frederick Lodge
East Andrew, FL 07414",SlateGray,32.518196813999246,11.509253453525043,36.599289087393494,3.0226757598626595,424.7287739291025
prussell@lopez.com,"9985 Wolf Pass
Brandimouth, CA 63346",Bisque,34.523019620716326,11.405770450141057,36.378271013194265,4.041244969129275,541.0498309594356
mosleyjacob@yahoo.com,"PSC 1790, Box 8872
APO AE 01821-4769",Orange,33.66599032199544,12.263717676034362,38.86023443032663,3.139526935,469.38314617236114
rhaas@yahoo.com,"4502 Jennifer Prairie Suite 029
Lake Jesse, LA 02328-3633",DimGray,31.609839573389642,12.71070130045925,36.166463391921475,2.562818810803233,444.5455496511082
antonioharris@hotmail.com,"4307 Nicholas Drive Apt. 259
Ramirezberg, AS 59832",MediumBlue,33.70088553901973,13.471577671948916,37.0716432,2.3790764968915394,492.55683370047706
austinthomas@gmail.com,"5855 Gross Burgs Suite 169
Ballland, AS 98525",AntiqueWhite,33.81173340621725,11.186808718643787,36.29889307823573,4.301996499354755,535.3216100850124
bethsullivan@reed.net,"80500 Mary Corners Apt. 225
Wallsville, ME 80526",Beige,34.33667722314705,11.246812606011583,38.68258378408295,2.0947616690074846,408.9583359406166
ncummings@yahoo.com,"344 Jessica Stravenue
New Brian, MA 04730-6761",Beige,31.06132515671613,12.357638107209013,36.16604163340145,4.089330841235956,487.55545805790155
hking@hotmail.com,"85181 Christian Courts Suite 758
Larryfurt, MS 38722-6766",PeachPuff,33.06976829928679,11.764325958658198,36.875025808917755,3.5160510174718302,487.64623174384167
annstone@hotmail.com,"543 Reynolds Burg
Melindaberg, KY 46631",LightPink,34.60624245261783,11.761883803681748,38.12651979793058,1.8208106181524433,402.16712222372564
christopher44@hotmail.com,"549 Anna Avenue
Port Laura, CA 76209-9339",WhiteSmoke,34.23824191192028,11.550300110865926,35.769329630500295,4.1831436617261275,551.0230017027826
autumn88@mendoza-mills.com,"214 Obrien Lakes Suite 572
South Jeremy, KS 52867-7617",MediumOrchid,32.04781463313985,12.482669924970503,35.536024530304154,3.3939027880693717,497.38955775884335
dhudson@ramos.net,"5661 Grant Centers
Stevensfurt, CT 53959",Olive,30.97167564388777,11.731364294077403,36.074551140168914,4.4263640805293125,494.6386097568927
egomez@hotmail.com,"768 Riley Pine Apt. 624
Kellymouth, OK 98992-3108",MistyRose,33.60685082311888,12.21407374586628,37.198427822725975,2.905238361446573,479.2474167840931
kimberlyruiz@smith-gordon.com,"503 Adams Pines Apt. 638
North Ashleyside, AZ 34687-6128",DarkRed,33.44812500934655,11.903756682535942,36.87454360467994,2.782757828499416,462.65651893471335
mooremichelle@logan.com,"07813 Randy Point
Lake Thomasberg, MO 06013-9920",Pink,33.36938093820547,12.222483941893726,36.35523488364423,3.4470177927906893,515.5024796636585
aaron22@gmail.com,"38678 Sean Drive Suite 293
Karentown, IA 78306-2717",DarkGray,33.452295280190306,12.005916370756166,36.53409567089256,4.712233578509766,576.4776071703129
michelleshepherd@price.com,"6820 Erica Vista Apt. 418
Brightside, IA 50639",Orchid,32.90469244491627,11.91374515283876,36.058647603220486,1.2281124234144234,357.85798360521926
zscott@wright.com,"9909 Hoffman Ranch Suite 195
Scotthaven, SC 53575",PeachPuff,35.63085386109822,12.125401967944384,38.18776368086846,4.019051426800219,597.7398788791847
tracy79@wheeler.net,"513 Moore Crescent Apt. 416
Amandaberg, GU 03655-2219",Magenta,32.24635,11.30555143041474,37.133126759376324,1.7073897286757314,327.37795258965207
brian28@sanchez.org,"7446 Mary Ferry
Lake Sherryfurt, GA 49066-0207",GhostWhite,34.69559119111866,11.608997070875462,37.68487727530606,3.1630919310737573,510.40138845250476
leonardhancock@hotmail.com,"64147 Alexander Station Apt. 474
East Jasonview, MN 83788",SeaShell,34.34392190842758,11.693058197072652,36.812934125501464,3.4470928961368963,510.50147847479735
davidsonkathleen@gmail.com,"70128 Zimmerman Overpass
Robertsshire, VA 59860",DarkBlue,33.680936949606156,11.201569884684467,37.83544772741218,2.208813678005546,403.8195198321978
nathan84@lowery.net,"01242 Stephanie Ways Suite 003
Churchville, MO 35617",MediumSeaGreen,32.06091439841006,12.625432642053951,35.539142427505084,5.412357839551379,627.6033187
kellydeborah@chan.biz,"354 Sanchez Wall Suite 884
Juliabury, VI 39735",DarkTurquoise,33.431097102487136,13.35063168445937,37.96597162275134,2.768851943263104,510.6617922
lewisjessica@craig-evans.com,"4483 Jones Motorway Suite 872
Lake Jamiefurt, UT 75292",Tan,33.23765998436727,13.566159613087605,36.417984796396794,3.7465729731034663,573.8474377162277
katrina56@gmail.com,"172 Owen Divide Suite 497
West Richard, CA 19320",PaleVioletRed,34.70252897286158,11.695736293481328,37.190267710452595,3.5765259152594644,529.0490041294304
dale88@hotmail.com,"0787 Andrews Ranch Apt. 633
South Chadburgh, TN 56128",Cornsilk,32.64677668060689,11.499409061002083,38.33257633196044,4.958264472618698,551.6201454762476
cwilson@hotmail.com,"680 Jennifer Lodge Apt. 808
Brendachester, TX 05000-5873",Teal,33.322501051305466,12.391422991118318,36.840085729767004,2.336484668112853,456.4695101
hannahwilson@davidson.com,"49791 Rachel Heights Apt. 898
East Drewborough, OR 55919-9528",DarkMagenta,33.71598091844986,12.418808324753911,35.771016191612965,2.735159567082275,497.7786422156802
